{"timestamp":"2026-07-29T23:22:22.009Z","level":"audit","message":"gateway_request","requestId":"4ff406ea-2da3-4302-9c37-5705f5cff778","method":"GET","path":"/health","status":200,"durationMs":58}
{"timestamp":"2026-07-29T23:22:22.488Z","level":"audit","message":"gateway_request","requestId":"19ac4e47-b6da-401f-b8db-f5ec0e955236","method":"GET","path":"/services/health","status":200,"durationMs":247}
{"timestamp":"2026-07-29T23:22:22.667Z","level":"audit","message":"gateway_request","requestId":"3519222b-a349-4fab-b61d-da3a6c9cc82c","method":"GET","path":"/api/learning/catalog","status":200,"durationMs":148}
{"timestamp":"2026-07-29T23:22:22.739Z","level":"audit","message":"gateway_request","requestId":"01ec0926-1e03-4cd9-872d-f0b147807686","method":"GET","path":"/api/learning/lessons/suma-numeros-naturales","status":200,"durationMs":44}
{"timestamp":"2026-07-29T23:22:22.863Z","level":"audit","message":"gateway_request","requestId":"2844a0cf-7335-440b-af98-53d6d3a90ae7","method":"GET","path":"/api/practice/dashboard/3","status":200,"durationMs":117}
{"timestamp":"2026-07-29T23:22:23.007Z","level":"audit","message":"gateway_request","requestId":"599701bd-4c76-4ce2-ad11-38ae8778b209","method":"POST","path":"/api/ai/tutor","status":400,"durationMs":133}
{"timestamp":"2026-07-29T23:22:23.207Z","level":"audit","message":"gateway_request","requestId":"eadbe003-3c81-4893-8e82-23e90eef5b89","method":"POST","path":"/api/ai/generate-exercises","status":400,"durationMs":22}
{"timestamp":"2026-07-29T23:22:23.992Z","level":"audit","message":"gateway_request","requestId":"9883dd67-b86e-4091-a67d-9972ef135843","method":"POST","path":"/api/identity/auth/login","status":401,"durationMs":714}
{"timestamp":"2026-07-29T23:23:55.790Z","level":"audit","message":"gateway_request","requestId":"0068d7d7-9e66-404e-9f17-96726c8b13ea","method":"POST","path":"/api/ai/tutor","status":200,"durationMs":270}
{"timestamp":"2026-07-29T23:23:56.025Z","level":"audit","message":"gateway_request","requestId":"3893674e-e12a-4075-a30e-1bc4dec405dc","method":"POST","path":"/api/ai/generate-exercises","status":201,"durationMs":106}
{"timestamp":"2026-07-29T23:23:56.525Z","level":"audit","message":"gateway_request","requestId":"6fd9a13b-fd5a-4b39-a9a4-edfd9188a41e","method":"POST","path":"/api/identity/auth/login","status":200,"durationMs":482}
{"timestamp":"2026-07-29T23:27:41.948Z","level":"audit","message":"gateway_request","requestId":"5582df82-271e-4e9b-8ed0-545c5d687da5","method":"GET","path":"/health","status":200,"durationMs":5}
{"timestamp":"2026-07-29T23:27:42.228Z","level":"audit","message":"gateway_request","requestId":"2b5bbef9-f97f-4afc-b456-b3036b8d3657","method":"GET","path":"/services/health","status":200,"durationMs":195}
{"timestamp":"2026-07-29T23:27:46.568Z","level":"audit","message":"gateway_request","requestId":"062c83a2-4419-48f8-8459-1f68bac31354","method":"GET","path":"/services/health","status":200,"durationMs":12}
{"timestamp":"2026-07-29T23:29:46.111Z","level":"audit","message":"gateway_request","requestId":"5e94757a-aeea-4913-9555-aa6412e5b29f","method":"GET","path":"/health","status":200,"durationMs":29}
{"timestamp":"2026-07-29T23:29:46.317Z","level":"audit","message":"gateway_request","requestId":"4e3bbf64-02f6-4c75-960b-60f37b80ca3d","method":"GET","path":"/services/health","status":200,"durationMs":60}
{"timestamp":"2026-07-29T23:29:46.694Z","level":"audit","message":"gateway_request","requestId":"257cb36c-fb75-4252-8e5e-617e9f9eca44","method":"GET","path":"/api/learning/catalog","status":200,"durationMs":362}
{"timestamp":"2026-07-29T23:29:46.868Z","level":"audit","message":"gateway_request","requestId":"8c553608-e405-4870-adfd-dc12cc0fc625","method":"GET","path":"/api/practice/dashboard/3","status":200,"durationMs":161}
{"timestamp":"2026-07-29T23:29:47.201Z","level":"audit","message":"gateway_request","requestId":"103ab7b9-9357-44dd-9c25-a0045965d294","method":"GET","path":"/api/learning/resources","status":200,"durationMs":5}
{"timestamp":"2026-07-29T23:29:47.223Z","level":"audit","message":"gateway_request","requestId":"f382f39d-8096-4f4a-8fe8-d21ad1c11e8b","method":"GET","path":"/api/practice/resources","status":200,"durationMs":7}
{"timestamp":"2026-07-29T23:29:47.246Z","level":"audit","message":"gateway_request","requestId":"a0a419ba-94c2-4964-bf26-2dc68560b5e8","method":"GET","path":"/api/ai/resources","status":200,"durationMs":21}
{"timestamp":"2026-07-29T23:29:47.268Z","level":"audit","message":"gateway_request","requestId":"96a402c4-fbb6-4476-8243-cd493da8b07b","method":"GET","path":"/api/identity/resources","status":200,"durationMs":19}
{"timestamp":"2026-07-29T23:30:00.952Z","level":"audit","message":"gateway_request","requestId":"e151b14f-bf8c-4aad-96d6-9ef5c7a46fd6","method":"GET","path":"/api/learning/resources","status":200,"durationMs":8}
{"timestamp":"2026-07-29T23:30:18.412Z","level":"audit","message":"gateway_request","requestId":"011d9f56-c6ce-4906-bb3c-7a9ab95bd6c7","method":"GET","path":"/services/health","status":200,"durationMs":32}
{"timestamp":"2026-07-29T23:30:18.586Z","level":"audit","message":"gateway_request","requestId":"f3bd7761-5a5a-4a87-8f59-36e80934e6bd","method":"GET","path":"/api/learning/catalog","status":200,"durationMs":66}
{"timestamp":"2026-07-29T23:30:18.646Z","level":"audit","message":"gateway_request","requestId":"4ef8c1f1-5637-437f-aafd-45ddc634fd62","method":"GET","path":"/api/practice/dashboard/3","status":200,"durationMs":58}
{"timestamp":"2026-07-29T23:30:18.654Z","level":"audit","message":"gateway_request","requestId":"255d4b49-b513-4da1-986f-a175b281ba11","method":"GET","path":"/api/learning/resources","status":200,"durationMs":4}
{"timestamp":"2026-07-29T23:30:18.674Z","level":"audit","message":"gateway_request","requestId":"7f183e28-0306-4bc9-b9ad-1ba5e5a90cbe","method":"GET","path":"/api/practice/resources","status":200,"durationMs":5}
{"timestamp":"2026-07-29T23:30:18.684Z","level":"audit","message":"gateway_request","requestId":"9f172e2f-6511-4996-8dda-d394ecb20496","method":"GET","path":"/api/ai/resources","status":200,"durationMs":7}
{"timestamp":"2026-07-29T23:30:18.694Z","level":"audit","message":"gateway_request","requestId":"905cb4ab-b944-452f-9140-95c3faf1f86a","method":"GET","path":"/api/identity/resources","status":200,"durationMs":6}
{"timestamp":"2026-07-31T18:42:08.062Z","level":"audit","message":"gateway_request","requestId":"c7c280d5-003f-4d53-a0b2-9e7a0a023a0a","method":"GET","path":"/health","status":200,"durationMs":8}
{"timestamp":"2026-07-31T18:42:21.306Z","level":"audit","message":"gateway_request","requestId":"0fed8af8-1e95-4e57-ba91-94c8864133fa","method":"GET","path":"/api/learning/catalog","status":200,"durationMs":137}
{"timestamp":"2026-07-31T18:42:21.467Z","level":"audit","message":"gateway_request","requestId":"2f5e698c-ae31-464a-9439-2f007d1b0612","method":"GET","path":"/api/practice/dashboard/3","status":200,"durationMs":45}
{"timestamp":"2026-07-31T18:42:21.493Z","level":"audit","message":"gateway_request","requestId":"1baec0d9-de97-418d-90c3-e9aa5ce6bd1a","method":"GET","path":"/api/learning/lessons/suma-numeros-naturales","status":200,"durationMs":22}
{"timestamp":"2026-07-31T18:46:42.362Z","level":"audit","message":"gateway_request","requestId":"ddb2b109-327d-4a45-a589-4ad2bdd08c0c","method":"GET","path":"/api/practice/dashboard/3","status":200,"durationMs":133}
{"timestamp":"2026-07-31T18:46:42.368Z","level":"audit","message":"gateway_request","requestId":"009a9547-5ac0-46b7-bba2-d9ea8e17db62","method":"GET","path":"/api/learning/catalog","status":200,"durationMs":150}
{"timestamp":"2026-07-31T18:46:42.383Z","level":"audit","message":"gateway_request","requestId":"ceccb663-d3fe-4947-8932-ad8cb6551041","method":"GET","path":"/api/practice/dashboard/3","status":304,"durationMs":13}
{"timestamp":"2026-07-31T18:46:42.387Z","level":"audit","message":"gateway_request","requestId":"5646e960-ae71-470a-aac6-7f55738e7488","method":"GET","path":"/api/learning/catalog","status":304,"durationMs":14}
{"timestamp":"2026-07-31T18:46:51.114Z","level":"audit","message":"gateway_request","requestId":"9eb3ab88-da5c-4f67-a71d-bfb869140bcf","method":"GET","path":"/api/learning/lessons/suma-numeros-naturales","status":200,"durationMs":14}
{"timestamp":"2026-07-31T18:46:51.126Z","level":"audit","message":"gateway_request","requestId":"073a8906-6efa-4277-9ee5-4f7b9bc09751","method":"GET","path":"/api/learning/lessons/suma-numeros-naturales","status":304,"durationMs":10}
{"timestamp":"2026-07-31T18:48:54.349Z","level":"audit","message":"gateway_request","requestId":"09a25c15-1284-46f4-be2f-cb73bb1a2298","method":"GET","path":"/api/learning/lessons/suma-numeros-naturales","status":200,"durationMs":19}
{"timestamp":"2026-07-31T18:49:26.976Z","level":"audit","message":"gateway_request","requestId":"da458452-3362-4709-9e7f-8a45039fa478","method":"GET","path":"/api/practice/dashboard/3","status":304,"durationMs":26}
{"timestamp":"2026-07-31T18:49:26.985Z","level":"audit","message":"gateway_request","requestId":"d372dee0-86db-4691-b3d1-58f4af5888a6","method":"GET","path":"/api/learning/catalog","status":304,"durationMs":36}
{"timestamp":"2026-07-31T18:50:11.954Z","level":"audit","message":"gateway_request","requestId":"623c2454-403b-4060-bf99-a64c21aa5df8","method":"GET","path":"/api/learning/catalog","status":304,"durationMs":19}
{"timestamp":"2026-07-31T18:50:11.970Z","level":"audit","message":"gateway_request","requestId":"3970a67f-5262-4e0d-8eb6-990d83c00b77","method":"GET","path":"/api/practice/dashboard/3","status":304,"durationMs":32}
{"timestamp":"2026-07-31T18:50:48.969Z","level":"audit","message":"gateway_request","requestId":"132545d1-7303-4cbf-92f5-efd23b73fde2","method":"GET","path":"/api/learning/catalog","status":304,"durationMs":16}
{"timestamp":"2026-07-31T18:50:48.978Z","level":"audit","message":"gateway_request","requestId":"e0a73832-36a0-429e-98cc-48e2e67f976a","method":"GET","path":"/api/practice/dashboard/3","status":304,"durationMs":20}
{"timestamp":"2026-07-31T18:51:08.957Z","level":"audit","message":"gateway_request","requestId":"0adf77e6-53ed-4096-9e83-5c5ae06f3522","method":"GET","path":"/api/practice/dashboard/3","status":304,"durationMs":20}
{"timestamp":"2026-07-31T18:51:08.959Z","level":"audit","message":"gateway_request","requestId":"7846b2c6-c771-46a1-8995-8aaf20470477","method":"GET","path":"/api/learning/catalog","status":304,"durationMs":23}
{"timestamp":"2026-07-31T18:52:48.967Z","level":"audit","message":"gateway_request","requestId":"9234150d-6c76-461d-bb46-1630de7ebf7a","method":"GET","path":"/api/learning/catalog","status":304,"durationMs":18}
{"timestamp":"2026-07-31T18:52:48.970Z","level":"audit","message":"gateway_request","requestId":"a33d8976-1533-4a57-acb0-9e7514f32df6","method":"GET","path":"/api/practice/dashboard/3","status":304,"durationMs":20}
{"timestamp":"2026-07-31T18:55:20.949Z","level":"audit","message":"gateway_request","requestId":"8a21fddf-d745-46b6-8f4e-16f177188450","method":"GET","path":"/api/practice/dashboard/3","status":304,"durationMs":14}
{"timestamp":"2026-07-31T18:55:20.950Z","level":"audit","message":"gateway_request","requestId":"ab10fc0b-09a4-4b5a-a05b-3a9f00d28324","method":"GET","path":"/api/learning/catalog","status":304,"durationMs":17}
{"timestamp":"2026-07-31T18:55:30.950Z","level":"audit","message":"gateway_request","requestId":"b101c243-a7d4-403e-bec6-88797fea7de5","method":"GET","path":"/api/learning/catalog","status":304,"durationMs":10}
{"timestamp":"2026-07-31T18:55:30.953Z","level":"audit","message":"gateway_request","requestId":"2eedbb07-d458-4bd3-ae13-a6f63fcdc5c2","method":"GET","path":"/api/practice/dashboard/3","status":304,"durationMs":12}
{"timestamp":"2026-07-31T19:07:07.941Z","level":"audit","message":"gateway_request","requestId":"467164ef-f0b6-444d-8c06-9d48986b395c","method":"GET","path":"/api/learning/catalog","status":200,"durationMs":133}
{"timestamp":"2026-07-31T19:07:08.066Z","level":"audit","message":"gateway_request","requestId":"632c59b1-97f4-467e-8af8-90ed3cc12eb3","method":"GET","path":"/api/learning/lessons/suma-numeros-naturales","status":200,"durationMs":24}
{"timestamp":"2026-07-31T19:07:08.186Z","level":"audit","message":"gateway_request","requestId":"386e4944-beb8-437c-b9b5-d80717fec67b","method":"GET","path":"/api/learning/lessons/suma-fracciones","status":200,"durationMs":16}
{"timestamp":"2026-07-31T19:07:08.498Z","level":"audit","message":"gateway_request","requestId":"cfc798fe-a179-4c20-a0d7-0ce54fd49dcb","method":"GET","path":"/api/learning/lessons/ecuaciones-lineales-s1","status":200,"durationMs":77}
{"timestamp":"2026-07-31T19:07:08.991Z","level":"audit","message":"gateway_request","requestId":"e92cfdb8-2258-44d4-bb79-08cf2e11d502","method":"GET","path":"/api/practice/dashboard/3","status":200,"durationMs":122}
{"timestamp":"2026-07-31T19:07:09.280Z","level":"audit","message":"gateway_request","requestId":"b07c53df-8b45-429b-8ae4-7a3addf4a1b4","method":"GET","path":"/api/ai/models","status":200,"durationMs":251}
{"timestamp":"2026-07-31T19:07:09.338Z","level":"audit","message":"gateway_request","requestId":"7237e430-7aef-4dc5-b64c-ab1722fd09be","method":"GET","path":"/api/ai/prompts","status":200,"durationMs":27}
{"timestamp":"2026-07-31T19:07:09.568Z","level":"audit","message":"gateway_request","requestId":"d4659388-65f0-4dc2-9808-60a8b12f11ff","method":"GET","path":"/api/identity/users","status":200,"durationMs":197}
{"timestamp":"2026-07-31T19:10:07.397Z","level":"audit","message":"gateway_request","requestId":"988de22f-7668-456f-8792-ccfb85a54833","method":"GET","path":"/api/learning/catalog","status":200,"durationMs":18}
{"timestamp":"2026-07-31T19:10:07.541Z","level":"audit","message":"gateway_request","requestId":"d5f3a590-c95f-45e6-9f69-d76e7b610930","method":"GET","path":"/api/learning/catalog","status":200,"durationMs":7}
{"timestamp":"2026-07-31T19:10:07.641Z","level":"audit","message":"gateway_request","requestId":"a8df24ad-8739-49e3-9cbf-f687b941eb5c","method":"GET","path":"/api/practice/dashboard/3","status":200,"durationMs":26}
{"timestamp":"2026-07-31T19:10:07.679Z","level":"audit","message":"gateway_request","requestId":"fb059243-7628-499a-b7d0-9ca786d05a36","method":"GET","path":"/api/ai/models","status":200,"durationMs":14}
{"timestamp":"2026-07-31T19:10:07.704Z","level":"audit","message":"gateway_request","requestId":"4f17fe41-aa65-48e9-b77b-265ad15afabc","method":"GET","path":"/api/ai/prompts","status":200,"durationMs":7}
{"timestamp":"2026-07-31T19:10:07.739Z","level":"audit","message":"gateway_request","requestId":"346277d4-db10-4d3b-b3e8-a505afc202fc","method":"GET","path":"/api/identity/users","status":200,"durationMs":12}
{"timestamp":"2026-07-31T19:10:07.755Z","level":"audit","message":"gateway_request","requestId":"32d5562d-0f6c-49a6-80a6-b2d9f06633ab","method":"GET","path":"/api/learning/lessons/","status":200,"durationMs":5}
{"timestamp":"2026-07-31T19:10:22.478Z","level":"audit","message":"gateway_request","requestId":"31ec2ccb-5b89-44bb-9838-0f9d2cf72b9a","method":"GET","path":"/api/learning/lessons/suma-numeros-naturales","status":200,"durationMs":19}
{"timestamp":"2026-07-31T19:10:22.660Z","level":"audit","message":"gateway_request","requestId":"e45132e3-5913-4656-ace0-525860f3677f","method":"GET","path":"/api/learning/lessons/suma-fracciones","status":200,"durationMs":8}
{"timestamp":"2026-07-31T19:10:22.947Z","level":"audit","message":"gateway_request","requestId":"2a3a5332-c401-4a00-b79c-fafd7fd370d4","method":"GET","path":"/api/learning/lessons/ecuaciones-lineales-s1","status":200,"durationMs":11}
{"timestamp":"2026-07-31T19:18:03.547Z","level":"audit","message":"gateway_request","requestId":"11462089-d6bf-4724-96f7-939fb3a76024","method":"GET","path":"/api/practice/dashboard/3","status":200,"durationMs":111}
{"timestamp":"2026-07-31T19:18:03.567Z","level":"audit","message":"gateway_request","requestId":"e8ec4bb0-5bd3-4827-93e7-1a16f16d257a","method":"GET","path":"/api/practice/dashboard/3","status":304,"durationMs":13}
{"timestamp":"2026-07-31T19:18:03.589Z","level":"audit","message":"gateway_request","requestId":"9a8762fb-acb2-4932-acd3-2b13a43af5fd","method":"GET","path":"/api/learning/catalog","status":200,"durationMs":161}
{"timestamp":"2026-07-31T19:18:03.603Z","level":"audit","message":"gateway_request","requestId":"b69a2347-d296-4986-a6f6-74c46c6baafa","method":"GET","path":"/api/learning/catalog","status":304,"durationMs":10}
{"timestamp":"2026-07-31T19:18:13.789Z","level":"audit","message":"gateway_request","requestId":"666e1696-85e9-4e82-9dfd-1c3336344917","method":"GET","path":"/api/learning/lessons/suma-numeros-naturales","status":200,"durationMs":29}
{"timestamp":"2026-07-31T19:18:13.800Z","level":"audit","message":"gateway_request","requestId":"bbb96ce5-7567-4a4e-9f46-18aeb892aae5","method":"GET","path":"/api/learning/lessons/suma-numeros-naturales","status":304,"durationMs":9}
{"timestamp":"2026-07-31T19:18:21.362Z","level":"audit","message":"gateway_request","requestId":"7987b819-504a-4d9d-a17f-f062f49f50b7","method":"GET","path":"/api/practice/exercises/11","status":200,"durationMs":28}
{"timestamp":"2026-07-31T19:18:41.951Z","level":"audit","message":"gateway_request","requestId":"35a56491-b3bb-4c79-b7b3-bd75731838ca","method":"GET","path":"/services/health","status":200,"durationMs":53}
{"timestamp":"2026-07-31T19:18:41.960Z","level":"audit","message":"gateway_request","requestId":"670459c0-3870-45ef-9f7b-18b9af26036e","method":"GET","path":"/services/health","status":200,"durationMs":7}
{"timestamp":"2026-07-31T19:18:44.890Z","level":"audit","message":"gateway_request","requestId":"78200ceb-a7ad-45c3-86a8-408c919736eb","method":"GET","path":"/services/health","status":200,"durationMs":8}
{"timestamp":"2026-07-31T19:18:44.898Z","level":"audit","message":"gateway_request","requestId":"439727a4-3906-4d4d-b09d-fb5321a02410","method":"GET","path":"/services/health","status":200,"durationMs":6}
{"timestamp":"2026-07-31T19:18:52.208Z","level":"audit","message":"gateway_request","requestId":"21e2772a-e284-4b2c-9d56-b11d92c3c3ea","method":"GET","path":"/services/health","status":200,"durationMs":19}
{"timestamp":"2026-07-31T19:18:52.220Z","level":"audit","message":"gateway_request","requestId":"fede850d-1234-4cc1-941a-69352eb475f0","method":"GET","path":"/services/health","status":200,"durationMs":9}
{"timestamp":"2026-07-31T19:20:12.109Z","level":"audit","message":"gateway_request","requestId":"21162355-58b3-4aa3-a9ea-d6eb17692d27","method":"GET","path":"/services/health","status":200,"durationMs":7}
{"timestamp":"2026-07-31T19:20:12.131Z","level":"audit","message":"gateway_request","requestId":"0b3760ca-ba13-49dc-baba-d13070f8a11e","method":"GET","path":"/api/learning/resources","status":200,"durationMs":10}
{"timestamp":"2026-07-31T19:20:59.656Z","level":"audit","message":"gateway_request","requestId":"6597c8b6-3806-4fe2-befd-f83e0cbd5c0c","method":"GET","path":"/api/learning/resources","status":200,"durationMs":3}
{"timestamp":"2026-07-31T19:20:59.766Z","level":"audit","message":"gateway_request","requestId":"c6c14ecf-173c-478b-af00-f8c71982b331","method":"GET","path":"/api/learning/data/=2&orderDirection=DESC","status":404,"durationMs":15}
{"timestamp":"2026-07-31T19:20:59.796Z","level":"audit","message":"gateway_request","requestId":"4d64b899-9592-4c24-a0a2-affa244ed4cc","method":"GET","path":"/api/learning/data/=2&orderDirection=DESC","status":404,"durationMs":3}
{"timestamp":"2026-07-31T19:20:59.800Z","level":"audit","message":"gateway_request","requestId":"19254d41-8327-4116-b207-4cdf7b14ce1b","method":"GET","path":"/api/learning/data/=2&orderDirection=DESC","status":404,"durationMs":3}
{"timestamp":"2026-07-31T19:20:59.804Z","level":"audit","message":"gateway_request","requestId":"29283b0f-6c8a-461d-934f-cd8d8a03e98a","method":"GET","path":"/api/learning/data/=2&orderDirection=DESC","status":404,"durationMs":3}
{"timestamp":"2026-07-31T19:20:59.808Z","level":"audit","message":"gateway_request","requestId":"ed8597b4-ec9e-4f83-b337-fbf88c56b0c5","method":"GET","path":"/api/learning/data/=2&orderDirection=DESC","status":404,"durationMs":2}
{"timestamp":"2026-07-31T19:20:59.816Z","level":"audit","message":"gateway_request","requestId":"261694fd-e076-4d26-99e1-7f202b123b5f","method":"GET","path":"/api/learning/data/=2&orderDirection=DESC","status":404,"durationMs":4}
{"timestamp":"2026-07-31T19:20:59.821Z","level":"audit","message":"gateway_request","requestId":"34aa1b0f-1d86-4334-a668-5ef0c62c7b26","method":"GET","path":"/api/learning/data/=2&orderDirection=DESC","status":404,"durationMs":3}
{"timestamp":"2026-07-31T19:20:59.827Z","level":"audit","message":"gateway_request","requestId":"6c656983-e37d-40c2-980f-86ce90207ade","method":"GET","path":"/api/learning/data/=2&orderDirection=DESC","status":404,"durationMs":4}
{"timestamp":"2026-07-31T19:20:59.835Z","level":"audit","message":"gateway_request","requestId":"3391f65d-6f20-4fcb-85af-b4485c99cab7","method":"GET","path":"/api/practice/resources","status":200,"durationMs":6}
{"timestamp":"2026-07-31T19:20:59.848Z","level":"audit","message":"gateway_request","requestId":"7277d6fd-7332-4b9f-bfc9-7f5605f94af7","method":"GET","path":"/api/practice/data/=2&orderDirection=DESC","status":404,"durationMs":11}
{"timestamp":"2026-07-31T19:20:59.852Z","level":"audit","message":"gateway_request","requestId":"a6b78001-986c-42a6-ac2d-0e2183bdbe9d","method":"GET","path":"/api/practice/data/=2&orderDirection=DESC","status":404,"durationMs":3}
{"timestamp":"2026-07-31T19:20:59.855Z","level":"audit","message":"gateway_request","requestId":"fff5b3e9-bc9a-455c-8a8a-181fca964438","method":"GET","path":"/api/practice/data/=2&orderDirection=DESC","status":404,"durationMs":2}
{"timestamp":"2026-07-31T19:20:59.863Z","level":"audit","message":"gateway_request","requestId":"3265b57b-335b-426f-ac10-8e778292989c","method":"GET","path":"/api/practice/data/=2&orderDirection=DESC","status":404,"durationMs":6}
{"timestamp":"2026-07-31T19:20:59.872Z","level":"audit","message":"gateway_request","requestId":"30ef6ec5-9119-4771-8a91-37d7c342edcc","method":"GET","path":"/api/practice/data/=2&orderDirection=DESC","status":404,"durationMs":5}
{"timestamp":"2026-07-31T19:20:59.897Z","level":"audit","message":"gateway_request","requestId":"088c3c6d-1850-46c1-be7c-ff74c024aff0","method":"GET","path":"/api/ai/resources","status":200,"durationMs":20}
{"timestamp":"2026-07-31T19:20:59.918Z","level":"audit","message":"gateway_request","requestId":"7b2eb680-4693-46c1-a49e-d372826c9dde","method":"GET","path":"/api/ai/data/=2&orderDirection=DESC","status":404,"durationMs":18}
{"timestamp":"2026-07-31T19:20:59.923Z","level":"audit","message":"gateway_request","requestId":"b4c47253-907e-46bd-a52d-301574e37e76","method":"GET","path":"/api/ai/data/=2&orderDirection=DESC","status":404,"durationMs":3}
{"timestamp":"2026-07-31T19:20:59.927Z","level":"audit","message":"gateway_request","requestId":"b0be7549-aa4e-41c8-8203-0d1b0c8da5a8","method":"GET","path":"/api/ai/data/=2&orderDirection=DESC","status":404,"durationMs":3}
{"timestamp":"2026-07-31T19:20:59.933Z","level":"audit","message":"gateway_request","requestId":"33f21a9d-5c1c-4123-896a-6f300ee0b621","method":"GET","path":"/api/ai/data/=2&orderDirection=DESC","status":404,"durationMs":3}
{"timestamp":"2026-07-31T19:20:59.939Z","level":"audit","message":"gateway_request","requestId":"852188cf-1257-412d-a20d-7b3a673e2f13","method":"GET","path":"/api/ai/data/=2&orderDirection=DESC","status":404,"durationMs":4}
{"timestamp":"2026-07-31T19:20:59.950Z","level":"audit","message":"gateway_request","requestId":"6c3fc0c2-ff24-490d-8e77-f1a9b15f507c","method":"GET","path":"/api/identity/resources","status":200,"durationMs":9}
{"timestamp":"2026-07-31T19:20:59.969Z","level":"audit","message":"gateway_request","requestId":"8d3b9330-1cb3-4374-ad9a-58c4f680306a","method":"GET","path":"/api/identity/data/=2&orderDirection=DESC","status":404,"durationMs":18}
{"timestamp":"2026-07-31T19:21:24.496Z","level":"audit","message":"gateway_request","requestId":"9e650e25-b04a-425d-95e9-3dfc5aaa641d","method":"GET","path":"/api/learning/data/aprendizaje_categorias?limit=2","status":200,"durationMs":10}
{"timestamp":"2026-07-31T19:22:27.089Z","level":"audit","message":"gateway_request","requestId":"0db17602-6933-4761-8f0f-2762236e301b","method":"GET","path":"/api/learning/catalog","status":304,"durationMs":43}
{"timestamp":"2026-07-31T19:22:27.094Z","level":"audit","message":"gateway_request","requestId":"76366c22-accf-40ca-a1b0-5c93daf4b5f6","method":"GET","path":"/api/learning/lessons/suma-numeros-naturales","status":304,"durationMs":51}
{"timestamp":"2026-07-31T19:22:27.097Z","level":"audit","message":"gateway_request","requestId":"57865ab2-b312-4464-a602-663ac1e5b7a5","method":"GET","path":"/api/practice/dashboard/3","status":304,"durationMs":46}
{"timestamp":"2026-07-31T19:22:28.041Z","level":"audit","message":"gateway_request","requestId":"61a3ad23-7e9c-4884-83f7-9de1f62485da","method":"GET","path":"/api/practice/dashboard/3","status":304,"durationMs":6}
{"timestamp":"2026-07-31T19:22:28.053Z","level":"audit","message":"gateway_request","requestId":"e440018d-ab62-4ff9-984c-7c2b95fb062a","method":"GET","path":"/api/practice/dashboard/3","status":304,"durationMs":9}
{"timestamp":"2026-07-31T19:22:28.073Z","level":"audit","message":"gateway_request","requestId":"4086aeea-f77a-45a4-bf17-8665498ec6ed","method":"GET","path":"/api/learning/lessons/suma-numeros-naturales","status":304,"durationMs":42}
{"timestamp":"2026-07-31T19:22:28.078Z","level":"audit","message":"gateway_request","requestId":"c52e1fe8-3fb8-4a8c-a576-124ac2b7d283","method":"GET","path":"/api/learning/catalog","status":304,"durationMs":44}
{"timestamp":"2026-07-31T19:22:28.105Z","level":"audit","message":"gateway_request","requestId":"9d98ce29-a22a-4f48-b8af-267d0c4773ce","method":"GET","path":"/api/learning/catalog","status":304,"durationMs":23}
{"timestamp":"2026-07-31T19:22:28.109Z","level":"audit","message":"gateway_request","requestId":"14f3ab88-1ae1-4162-b895-971d85d09e86","method":"GET","path":"/api/learning/lessons/suma-numeros-naturales","status":304,"durationMs":33}
{"timestamp":"2026-07-31T19:23:02.374Z","level":"audit","message":"gateway_request","requestId":"0c053c3e-234f-4ef7-9d27-64daf9250dde","method":"GET","path":"/services/health","status":200,"durationMs":18}
{"timestamp":"2026-07-31T19:23:02.384Z","level":"audit","message":"gateway_request","requestId":"7b08be9d-f139-46b8-ae51-194a49fd4960","method":"GET","path":"/services/health","status":200,"durationMs":7}
{"timestamp":"2026-07-31T19:23:17.948Z","level":"audit","message":"gateway_request","requestId":"85e67d8f-f01a-4907-a010-fecb871ed168","method":"GET","path":"/services/health","status":200,"durationMs":7}
{"timestamp":"2026-07-31T19:23:17.954Z","level":"audit","message":"gateway_request","requestId":"94e9b5db-3cb5-4553-85ee-370460573ad6","method":"GET","path":"/services/health","status":200,"durationMs":4}
{"timestamp":"2026-07-31T19:23:56.946Z","level":"audit","message":"gateway_request","requestId":"8f01ae27-6dde-470e-ae88-6fb41354a106","method":"GET","path":"/services/health","status":200,"durationMs":6}
{"timestamp":"2026-07-31T19:23:56.953Z","level":"audit","message":"gateway_request","requestId":"07c4a979-d474-4931-9ba7-b1858094e49c","method":"GET","path":"/services/health","status":200,"durationMs":4}
{"timestamp":"2026-07-31T19:24:03.942Z","level":"audit","message":"gateway_request","requestId":"cd4089fc-16db-4c76-9442-e624c71020d7","method":"GET","path":"/services/health","status":200,"durationMs":4}
{"timestamp":"2026-07-31T19:24:03.949Z","level":"audit","message":"gateway_request","requestId":"32e1fd28-9a60-44a1-8128-aaea20f38613","method":"GET","path":"/services/health","status":200,"durationMs":5}
{"timestamp":"2026-07-31T19:24:13.939Z","level":"audit","message":"gateway_request","requestId":"b3d9228e-871b-4c5b-86e1-db360103b354","method":"GET","path":"/services/health","status":200,"durationMs":5}
{"timestamp":"2026-07-31T19:24:13.944Z","level":"audit","message":"gateway_request","requestId":"60b4538b-b932-4b85-addc-e42c989850fb","method":"GET","path":"/services/health","status":200,"durationMs":3}
{"timestamp":"2026-07-31T19:26:38.556Z","level":"audit","message":"gateway_request","requestId":"0ffd1025-ad14-49aa-873a-b5e5baf64a64","method":"GET","path":"/api/identity/users","status":200,"durationMs":37}
{"timestamp":"2026-07-31T19:26:38.593Z","level":"audit","message":"gateway_request","requestId":"f37beefa-4fec-4840-bdeb-178b5df01288","method":"POST","path":"/api/learning/data/not-a-resource","status":404,"durationMs":13}
{"timestamp":"2026-07-31T19:26:53.049Z","level":"audit","message":"gateway_request","requestId":"481d87a5-c53f-4255-a67e-d40d176e60e5","method":"GET","path":"/api/learning/lessons/suma-numeros-naturales","status":200,"durationMs":19}
{"timestamp":"2026-07-31T19:26:53.084Z","level":"audit","message":"gateway_request","requestId":"8bd5af82-58d9-4cf1-97ea-9656459999f9","method":"GET","path":"/api/learning/lessons/suma-fracciones","status":200,"durationMs":10}
{"timestamp":"2026-07-31T19:26:53.129Z","level":"audit","message":"gateway_request","requestId":"f83a654c-0657-4ee5-8334-ee094520b745","method":"GET","path":"/api/learning/lessons/ecuaciones-lineales-s1","status":200,"durationMs":18}
{"timestamp":"2026-07-31T19:27:27.716Z","level":"audit","message":"gateway_request","requestId":"959594d5-1d00-4df6-9b1c-9230c26a065e","method":"GET","path":"/api/learning/resources","status":200,"durationMs":3}
{"timestamp":"2026-07-31T19:27:27.813Z","level":"audit","message":"gateway_request","requestId":"10bb3838-d7f0-4bbc-b086-2f45120ce3a6","method":"GET","path":"/api/learning/data/aprendizaje_categorias?limit=2&orderDirection=DESC","status":200,"durationMs":8}
{"timestamp":"2026-07-31T19:27:27.824Z","level":"audit","message":"gateway_request","requestId":"8ce48598-4878-432b-8b5f-7f76ce7f75ee","method":"GET","path":"/api/learning/data/aprendizaje_configuracion_sitio?limit=2&orderDirection=DESC","status":200,"durationMs":9}
{"timestamp":"2026-07-31T19:27:27.831Z","level":"audit","message":"gateway_request","requestId":"8128fdb1-fc79-41e6-8755-55ea1ee49780","method":"GET","path":"/api/learning/data/aprendizaje_lecciones?limit=2&orderDirection=DESC","status":200,"durationMs":5}
{"timestamp":"2026-07-31T19:27:27.837Z","level":"audit","message":"gateway_request","requestId":"6c63d661-b2fa-4e0c-8c42-507638d1ca6a","method":"GET","path":"/api/learning/data/aprendizaje_medios?limit=2&orderDirection=DESC","status":200,"durationMs":4}
{"timestamp":"2026-07-31T19:27:27.842Z","level":"audit","message":"gateway_request","requestId":"a3cbfe41-c1ce-44c9-8029-530c578543b8","method":"GET","path":"/api/learning/data/aprendizaje_medios_leccion?limit=2&orderDirection=DESC","status":200,"durationMs":4}
{"timestamp":"2026-07-31T19:27:27.850Z","level":"audit","message":"gateway_request","requestId":"fd4b47f1-9d67-4490-be30-4470b89eaf0d","method":"GET","path":"/api/learning/data/aprendizaje_niveles_educativos?limit=2&orderDirection=DESC","status":200,"durationMs":6}
{"timestamp":"2026-07-31T19:27:27.855Z","level":"audit","message":"gateway_request","requestId":"667365d7-a60e-44a2-8f0f-bad8b1c6bef9","method":"GET","path":"/api/learning/data/aprendizaje_recursos?limit=2&orderDirection=DESC","status":200,"durationMs":4}
{"timestamp":"2026-07-31T19:27:27.860Z","level":"audit","message":"gateway_request","requestId":"ea103f17-0d9d-4a5d-8c1f-89f10de5aace","method":"GET","path":"/api/learning/data/aprendizaje_secciones_leccion?limit=2&orderDirection=DESC","status":200,"durationMs":3}
{"timestamp":"2026-07-31T19:27:27.868Z","level":"audit","message":"gateway_request","requestId":"3b2565ac-efd9-4d78-bdac-760e6c56d56c","method":"GET","path":"/api/practice/resources","status":200,"durationMs":5}
{"timestamp":"2026-07-31T19:27:27.888Z","level":"audit","message":"gateway_request","requestId":"48296d21-d770-4f37-a300-fef6926a29d6","method":"GET","path":"/api/practice/data/practica_ejercicios?limit=2&orderDirection=DESC","status":200,"durationMs":19}
{"timestamp":"2026-07-31T19:27:27.894Z","level":"audit","message":"gateway_request","requestId":"5679b885-0883-4fff-b566-447da66a92c9","method":"GET","path":"/api/practice/data/practica_intentos_ejercicio?limit=2&orderDirection=DESC","status":200,"durationMs":5}
{"timestamp":"2026-07-31T19:27:27.900Z","level":"audit","message":"gateway_request","requestId":"cfd2f49c-c79c-4d49-ab49-3d4bfafed383","method":"GET","path":"/api/practice/data/practica_progreso_usuario?limit=2&orderDirection=DESC","status":200,"durationMs":5}
{"timestamp":"2026-07-31T19:27:27.905Z","level":"audit","message":"gateway_request","requestId":"69b3f0ae-6537-4eda-939d-213adb165c22","method":"GET","path":"/api/practice/data/practica_retos?limit=2&orderDirection=DESC","status":200,"durationMs":4}
{"timestamp":"2026-07-31T19:27:27.909Z","level":"audit","message":"gateway_request","requestId":"2da263a0-5567-4b5e-8c50-fc455b5e83b2","method":"GET","path":"/api/practice/data/practica_retos_usuario?limit=2&orderDirection=DESC","status":200,"durationMs":3}
{"timestamp":"2026-07-31T19:27:27.916Z","level":"audit","message":"gateway_request","requestId":"39b9843c-89a3-4d6c-98f6-8f1a4ad38a6a","method":"GET","path":"/api/ai/resources","status":200,"durationMs":6}
{"timestamp":"2026-07-31T19:27:27.954Z","level":"audit","message":"gateway_request","requestId":"a7c39515-91b2-4d69-bdda-64c8c92f0d17","method":"GET","path":"/api/ai/data/ia_conversaciones?limit=2&orderDirection=DESC","status":200,"durationMs":37}
{"timestamp":"2026-07-31T19:27:27.963Z","level":"audit","message":"gateway_request","requestId":"b00dad87-a94c-4f39-a5d7-65d553d36116","method":"GET","path":"/api/ai/data/ia_generaciones?limit=2&orderDirection=DESC","status":200,"durationMs":7}
{"timestamp":"2026-07-31T19:27:27.972Z","level":"audit","message":"gateway_request","requestId":"b9802af6-5a30-4a83-8de8-c4e630068446","method":"GET","path":"/api/ai/data/ia_mensajes?limit=2&orderDirection=DESC","status":200,"durationMs":7}
{"timestamp":"2026-07-31T19:27:27.979Z","level":"audit","message":"gateway_request","requestId":"d249991a-99a1-4cd4-a01c-67dc24452302","method":"GET","path":"/api/ai/data/ia_modelos?limit=2&orderDirection=DESC","status":200,"durationMs":6}
{"timestamp":"2026-07-31T19:27:27.986Z","level":"audit","message":"gateway_request","requestId":"bda4069e-797b-4526-b8fc-bf13698488d4","method":"GET","path":"/api/ai/data/ia_prompts?limit=2&orderDirection=DESC","status":200,"durationMs":5}
{"timestamp":"2026-07-31T19:27:27.990Z","level":"audit","message":"gateway_request","requestId":"b0e7ed2b-0d32-40d2-8946-36f5c238885b","method":"GET","path":"/api/identity/resources","status":200,"durationMs":2}
{"timestamp":"2026-07-31T19:27:28.012Z","level":"audit","message":"gateway_request","requestId":"ebad601e-9334-4b85-b6c6-f45aa1343b34","method":"GET","path":"/api/identity/data/identidad_usuarios?limit=2&orderDirection=DESC","status":200,"durationMs":19}
{"timestamp":"2026-07-31T19:27:28.075Z","level":"audit","message":"gateway_request","requestId":"ab808bab-94d9-40b2-9259-3fade99eb783","method":"POST","path":"/api/learning/data/aprendizaje_configuracion_sitio","status":201,"durationMs":30}
{"timestamp":"2026-07-31T19:27:28.087Z","level":"audit","message":"gateway_request","requestId":"a82ddf75-5172-450a-a7d0-fb0633b44fee","method":"PATCH","path":"/api/learning/data/aprendizaje_configuracion_sitio/__codex_admin_smoke_test__","status":200,"durationMs":11}
{"timestamp":"2026-07-31T19:27:28.091Z","level":"audit","message":"gateway_request","requestId":"21fa3f85-2d79-4ff4-86ae-207348fec659","method":"GET","path":"/api/learning/data/aprendizaje_configuracion_sitio?setting_key=__codex_admin_smoke_test__","status":200,"durationMs":3}
{"timestamp":"2026-07-31T19:27:28.129Z","level":"audit","message":"gateway_request","requestId":"bafba595-5b54-4e4e-9879-a3f80fa7fa6f","method":"DELETE","path":"/api/learning/data/aprendizaje_configuracion_sitio/__codex_admin_smoke_test__","status":200,"durationMs":7}
{"timestamp":"2026-07-31T19:27:46.445Z","level":"audit","message":"gateway_request","requestId":"a0edf405-9484-4fb4-86be-1175ac2613a1","method":"GET","path":"/api/learning/data/aprendizaje_configuracion_sitio?setting_key=__codex_admin_smoke_test__","status":200,"durationMs":7}
{"timestamp":"2026-07-31T19:34:03.374Z","level":"audit","message":"gateway_request","requestId":"4ef5c5d8-3255-4c97-8275-8938a531e530","method":"GET","path":"/services/health","status":200,"durationMs":9}
{"timestamp":"2026-07-31T19:34:03.384Z","level":"audit","message":"gateway_request","requestId":"d4e74c8a-a3ca-466f-b50a-66098daead04","method":"GET","path":"/services/health","status":200,"durationMs":6}
{"timestamp":"2026-07-31T19:35:44.009Z","level":"audit","message":"gateway_request","requestId":"2b1c3baf-ea9b-42d7-bdf0-71256cf910fa","method":"GET","path":"/api/practice/dashboard/3","status":304,"durationMs":49}
{"timestamp":"2026-07-31T19:35:44.027Z","level":"audit","message":"gateway_request","requestId":"9a5ef437-cdc9-4070-8f6f-6456642e120b","method":"GET","path":"/api/learning/catalog","status":304,"durationMs":68}
{"timestamp":"2026-07-31T19:35:44.033Z","level":"audit","message":"gateway_request","requestId":"d3c64f4a-558b-4df9-a401-c1026c0ba57e","method":"GET","path":"/api/learning/lessons/suma-numeros-naturales","status":304,"durationMs":82}
{"timestamp":"2026-07-31T19:35:44.044Z","level":"audit","message":"gateway_request","requestId":"108eb7c6-9b9c-4c49-9ba9-334e96cf0892","method":"GET","path":"/api/learning/lessons/suma-numeros-naturales","status":304,"durationMs":8}
{"timestamp":"2026-07-31T19:36:27.981Z","level":"audit","message":"gateway_request","requestId":"28c7fb87-f0ec-4317-af0f-7475dc7fe278","method":"GET","path":"/api/practice/dashboard/3","status":304,"durationMs":18}
{"timestamp":"2026-07-31T19:36:28.000Z","level":"audit","message":"gateway_request","requestId":"5791c5ae-4165-4026-b902-dbcfa8fbfc01","method":"GET","path":"/api/learning/catalog","status":304,"durationMs":38}
{"timestamp":"2026-07-31T19:36:28.008Z","level":"audit","message":"gateway_request","requestId":"843d7fd7-0b5c-41d0-9faa-7f420c82d24d","method":"GET","path":"/api/learning/lessons/suma-numeros-naturales","status":304,"durationMs":48}
{"timestamp":"2026-07-31T19:36:47.938Z","level":"audit","message":"gateway_request","requestId":"fd9eee8c-7136-4312-b340-9375fc1596d2","method":"GET","path":"/services/health","status":200,"durationMs":8}
{"timestamp":"2026-07-31T19:36:47.944Z","level":"audit","message":"gateway_request","requestId":"cf65c246-9fae-41ee-8bb3-fd4a0f9c0028","method":"GET","path":"/services/health","status":200,"durationMs":4}
{"timestamp":"2026-07-31T19:38:17.516Z","level":"audit","message":"gateway_request","requestId":"263f09e6-610b-45d1-9b35-4b6eae73f38d","method":"GET","path":"/api/practice/data/practica_ejercicios?limit=20&orderBy=id&orderDirection=ASC","status":200,"durationMs":24}
{"timestamp":"2026-07-31T19:38:17.538Z","level":"audit","message":"gateway_request","requestId":"2bfe6452-4ebd-4519-a5b3-45f2a7e4cc01","method":"GET","path":"/api/practice/data/practica_retos?limit=20&orderBy=id&orderDirection=ASC","status":200,"durationMs":6}
{"timestamp":"2026-07-31T19:41:04.989Z","level":"audit","message":"gateway_request","requestId":"9e2a2093-0aee-4fe3-b308-c10ee6452a59","method":"GET","path":"/api/practice/dashboard/3","status":304,"durationMs":36}
{"timestamp":"2026-07-31T19:41:04.994Z","level":"audit","message":"gateway_request","requestId":"dd3b6053-a96b-40ee-8dd1-5452d0893811","method":"GET","path":"/api/learning/catalog","status":304,"durationMs":37}
{"timestamp":"2026-07-31T19:41:05.000Z","level":"audit","message":"gateway_request","requestId":"02b4ef2a-e8be-425a-9abb-91e4e0361259","method":"GET","path":"/api/learning/lessons/suma-numeros-naturales","status":304,"durationMs":46}
{"timestamp":"2026-07-31T19:41:52.984Z","level":"audit","message":"gateway_request","requestId":"de44fb9a-e905-43f5-aa92-50806fd744aa","method":"GET","path":"/api/practice/dashboard/3","status":304,"durationMs":22}
{"timestamp":"2026-07-31T19:41:52.993Z","level":"audit","message":"gateway_request","requestId":"527635ca-c1b2-43e0-9972-6b8b06fd5ad5","method":"GET","path":"/api/learning/catalog","status":304,"durationMs":33}
{"timestamp":"2026-07-31T19:41:52.996Z","level":"audit","message":"gateway_request","requestId":"ba8236b7-65f0-4d12-9f82-b45c32a08bbc","method":"GET","path":"/api/learning/lessons/suma-numeros-naturales","status":304,"durationMs":39}
{"timestamp":"2026-07-31T19:44:42.727Z","level":"audit","message":"gateway_request","requestId":"28ebf5c2-e64a-4fc6-a7ef-04a2dd011cf5","method":"GET","path":"/api/practice/games/balanza-ecuaciones","status":200,"durationMs":22}
{"timestamp":"2026-07-31T19:44:42.746Z","level":"audit","message":"gateway_request","requestId":"842ede25-3fea-4f96-9cbe-014993756fb7","method":"GET","path":"/api/practice/resources","status":200,"durationMs":3}
{"timestamp":"2026-07-31T19:45:14.324Z","level":"audit","message":"gateway_request","requestId":"9d55b33d-3408-4f5c-be4d-aa91a9d18885","method":"GET","path":"/api/practice/games/balanza-ecuaciones","status":200,"durationMs":8}
{"timestamp":"2026-07-31T19:45:14.440Z","level":"audit","message":"gateway_request","requestId":"14facfbc-25e0-4ceb-b0e6-fc8d3e815292","method":"PATCH","path":"/api/practice/data/practica_juegos/1","status":404,"durationMs":15}
{"timestamp":"2026-07-31T19:46:47.607Z","level":"audit","message":"gateway_request","requestId":"cc7b8753-0289-4a10-9723-36677f50613a","method":"GET","path":"/services/health","status":200,"durationMs":12}
{"timestamp":"2026-07-31T19:46:47.721Z","level":"audit","message":"gateway_request","requestId":"af5f851e-20a3-48bc-8e4a-5417895a48bf","method":"GET","path":"/api/practice/games/balanza-ecuaciones","status":200,"durationMs":12}
{"timestamp":"2026-07-31T19:46:47.764Z","level":"audit","message":"gateway_request","requestId":"59b9ef8f-b812-40f6-8a2d-d3e0829f980a","method":"PATCH","path":"/api/practice/data/practica_juegos/1","status":200,"durationMs":13}
{"timestamp":"2026-07-31T19:48:37.436Z","level":"audit","message":"gateway_request","requestId":"158fb1e3-85bd-4c8f-91af-3d02c1819872","method":"GET","path":"/api/practice/games/balanza-ecuaciones","status":200,"durationMs":16}
{"timestamp":"2026-07-31T19:48:37.446Z","level":"audit","message":"gateway_request","requestId":"ca31b373-2b15-47d4-83b5-5301e5b373a2","method":"GET","path":"/api/practice/resources","status":200,"durationMs":3}
{"timestamp":"2026-07-31T19:48:54.107Z","level":"audit","message":"gateway_request","requestId":"21e3b270-b326-4958-a721-7bae296bf72a","method":"GET","path":"/api/practice/resources","status":200,"durationMs":2}
{"timestamp":"2026-07-31T19:48:54.165Z","level":"audit","message":"gateway_request","requestId":"21e30043-c066-4db9-aeae-45c390d922f4","method":"GET","path":"/api/practice/games/balanza-ecuaciones","status":200,"durationMs":8}
{"timestamp":"2026-07-31T19:48:54.204Z","level":"audit","message":"gateway_request","requestId":"07df0bec-cd7c-4820-b8bf-e0a98211208f","method":"PATCH","path":"/api/practice/data/practica_juegos/1","status":200,"durationMs":13}
{"timestamp":"2026-07-31T19:49:17.096Z","level":"audit","message":"gateway_request","requestId":"a42a471a-7516-4176-8aac-506f54aae5dd","method":"GET","path":"/services/health","status":200,"durationMs":13}
{"timestamp":"2026-07-31T19:49:17.104Z","level":"audit","message":"gateway_request","requestId":"96f642e9-7590-46f9-b84a-7b6a950b3269","method":"GET","path":"/services/health","status":200,"durationMs":6}
{"timestamp":"2026-07-31T19:49:18.663Z","level":"audit","message":"gateway_request","requestId":"1ba9aeb1-f63f-4371-9cd5-1759cdd831af","method":"GET","path":"/services/health","status":200,"durationMs":13}
{"timestamp":"2026-07-31T19:49:18.674Z","level":"audit","message":"gateway_request","requestId":"13fe38ac-e6fc-45e5-b9ed-1855d93895aa","method":"GET","path":"/services/health","status":200,"durationMs":8}
{"timestamp":"2026-07-31T19:49:32.547Z","level":"audit","message":"gateway_request","requestId":"392c63b5-de16-48a5-8db8-b1887f2dfb0c","method":"GET","path":"/services/health","status":200,"durationMs":18}
{"timestamp":"2026-07-31T19:49:32.561Z","level":"audit","message":"gateway_request","requestId":"bd4f7b70-dfde-49ba-9d57-79d8f33afc61","method":"GET","path":"/services/health","status":200,"durationMs":11}
{"timestamp":"2026-07-31T19:50:53.958Z","level":"audit","message":"gateway_request","requestId":"666b7618-bce0-4062-92ff-a3982596e1d0","method":"GET","path":"/services/health","status":200,"durationMs":7}
{"timestamp":"2026-07-31T19:50:53.965Z","level":"audit","message":"gateway_request","requestId":"e84eb5ca-4d9e-450f-b551-1f41b5bd9fb4","method":"GET","path":"/services/health","status":200,"durationMs":5}
{"timestamp":"2026-07-31T19:51:12.400Z","level":"audit","message":"gateway_request","requestId":"5e3db8bb-5df9-4c6d-a57e-91783df1dd75","method":"GET","path":"/services/health","status":200,"durationMs":9}
{"timestamp":"2026-07-31T19:51:12.405Z","level":"audit","message":"gateway_request","requestId":"b92ba87d-a703-464e-a043-f5f7d5e043a5","method":"GET","path":"/services/health","status":200,"durationMs":3}
{"timestamp":"2026-07-31T19:51:57.850Z","level":"audit","message":"gateway_request","requestId":"57d49895-1a70-4ddf-857e-b93c72862ef3","method":"GET","path":"/services/health","status":200,"durationMs":10}
{"timestamp":"2026-07-31T19:51:57.856Z","level":"audit","message":"gateway_request","requestId":"7213be91-c5d4-437a-ae57-3b6f23004512","method":"GET","path":"/services/health","status":200,"durationMs":4}
{"timestamp":"2026-07-31T19:54:29.212Z","level":"audit","message":"gateway_request","requestId":"97a84789-3012-4899-baee-9bac4d2a4f12","method":"GET","path":"/api/learning/resources","status":200,"durationMs":19}
{"timestamp":"2026-07-31T19:54:29.226Z","level":"audit","message":"gateway_request","requestId":"cb1e27a4-a27f-44ec-b07f-62bb3c063cd6","method":"GET","path":"/api/learning/resources","status":304,"durationMs":11}
{"timestamp":"2026-07-31T19:54:29.300Z","level":"audit","message":"gateway_request","requestId":"401eff41-8354-4c02-bb90-ca7a08952106","method":"GET","path":"/api/learning/data/aprendizaje_categorias?limit=50&orderDirection=DESC","status":200,"durationMs":82}
{"timestamp":"2026-07-31T19:54:29.311Z","level":"audit","message":"gateway_request","requestId":"ac048d3d-cdd6-43ca-9682-21e3c95e7d0e","method":"GET","path":"/api/learning/data/aprendizaje_categorias?limit=50&orderDirection=DESC","status":304,"durationMs":9}
{"timestamp":"2026-07-31T19:56:31.512Z","level":"audit","message":"gateway_request","requestId":"5a3da7d8-9c8d-4299-a755-db6c59a1aeb7","method":"GET","path":"/api/admin/learning/resources","status":404,"durationMs":3}
{"timestamp":"2026-07-31T19:56:31.542Z","level":"audit","message":"gateway_request","requestId":"e9b7f0bd-fcb6-41f5-84ba-c5155d370b48","method":"GET","path":"/api/admin/practice/resources","status":404,"durationMs":0}
{"timestamp":"2026-07-31T19:56:31.544Z","level":"audit","message":"gateway_request","requestId":"df3c8f83-fca5-4cdc-b60b-1035ab3553f3","method":"GET","path":"/api/admin/ai/resources","status":404,"durationMs":0}
{"timestamp":"2026-07-31T19:56:31.548Z","level":"audit","message":"gateway_request","requestId":"89770728-f8bd-411e-803c-d7a49ffbfb58","method":"GET","path":"/api/admin/identity/resources","status":404,"durationMs":1}
{"timestamp":"2026-07-31T19:56:38.568Z","level":"audit","message":"gateway_request","requestId":"819f6cdf-9bc3-4285-ab60-35892f8a573d","method":"GET","path":"/api/learning/resources","status":200,"durationMs":4}
{"timestamp":"2026-07-31T19:56:38.688Z","level":"audit","message":"gateway_request","requestId":"88a4ac3b-ac8d-4feb-9db0-725b9be13879","method":"GET","path":"/api/practice/resources","status":200,"durationMs":11}
{"timestamp":"2026-07-31T19:56:38.710Z","level":"audit","message":"gateway_request","requestId":"d8e782a0-b3e4-49ec-9160-e7815c3a2eca","method":"GET","path":"/api/ai/resources","status":200,"durationMs":20}
{"timestamp":"2026-07-31T19:56:38.727Z","level":"audit","message":"gateway_request","requestId":"f4eab849-ef50-465f-bba3-bb29113d2b7c","method":"GET","path":"/api/identity/resources","status":200,"durationMs":15}
{"timestamp":"2026-07-31T19:56:52.103Z","level":"audit","message":"gateway_request","requestId":"06142cf0-3c1f-447a-ac6a-35e857aee230","method":"GET","path":"/api/learning/data/aprendizaje_niveles_educativos?limit=3","status":200,"durationMs":22}
{"timestamp":"2026-07-31T19:56:52.159Z","level":"audit","message":"gateway_request","requestId":"92cdf648-fba1-405b-9fe7-bf72cf11f596","method":"GET","path":"/api/learning/data/aprendizaje_categorias?limit=3","status":200,"durationMs":11}
{"timestamp":"2026-07-31T19:56:52.201Z","level":"audit","message":"gateway_request","requestId":"09fa2094-c9cd-49cb-9240-deef3c239270","method":"GET","path":"/api/learning/data/aprendizaje_lecciones?limit=3","status":200,"durationMs":12}
{"timestamp":"2026-07-31T19:56:52.220Z","level":"audit","message":"gateway_request","requestId":"ae6227dc-0d3f-43a1-b135-7cfb22d5a492","method":"GET","path":"/api/learning/data/aprendizaje_secciones_leccion?limit=3","status":200,"durationMs":17}
{"timestamp":"2026-07-31T19:56:52.235Z","level":"audit","message":"gateway_request","requestId":"9246cb6e-2be1-4b4b-9ff9-343ad0d6de2e","method":"GET","path":"/api/learning/data/aprendizaje_medios?limit=3","status":200,"durationMs":9}
{"timestamp":"2026-07-31T19:56:52.243Z","level":"audit","message":"gateway_request","requestId":"f96601f0-0ed6-401c-9db9-30c84ac06423","method":"GET","path":"/api/learning/data/aprendizaje_recursos?limit=3","status":200,"durationMs":5}
{"timestamp":"2026-07-31T19:56:52.293Z","level":"audit","message":"gateway_request","requestId":"e167dc36-2331-402e-ac9d-afe9ce2c9cfa","method":"GET","path":"/api/practice/data/practica_retos?limit=3","status":200,"durationMs":48}
{"timestamp":"2026-07-31T19:56:52.303Z","level":"audit","message":"gateway_request","requestId":"8e690019-b769-4945-a86c-4f2bd92ee47e","method":"GET","path":"/api/practice/data/practica_progreso_usuario?limit=3","status":200,"durationMs":9}
{"timestamp":"2026-07-31T19:56:52.373Z","level":"audit","message":"gateway_request","requestId":"8c18846f-0223-4aef-93dc-6226e150b036","method":"GET","path":"/api/identity/data/identidad_usuarios?limit=3","status":200,"durationMs":68}
{"timestamp":"2026-07-31T19:56:52.437Z","level":"audit","message":"gateway_request","requestId":"e19605e5-7d3a-461c-9d80-cd33129d7825","method":"GET","path":"/api/ai/data/ia_modelos?limit=3","status":200,"durationMs":62}
{"timestamp":"2026-07-31T19:57:13.943Z","level":"audit","message":"gateway_request","requestId":"4f61b0d2-78a6-4835-8d99-91b6268f8e50","method":"GET","path":"/api/learning/resources","status":304,"durationMs":2}
{"timestamp":"2026-07-31T19:57:13.951Z","level":"audit","message":"gateway_request","requestId":"4c76fda1-f14d-4e63-b020-efdfcf595f8b","method":"GET","path":"/services/health","status":200,"durationMs":7}
{"timestamp":"2026-07-31T19:57:13.964Z","level":"audit","message":"gateway_request","requestId":"b32a3404-8d27-4ebf-96ad-38c6d8541526","method":"GET","path":"/api/learning/data/aprendizaje_categorias?limit=50&orderDirection=DESC","status":304,"durationMs":10}
{"timestamp":"2026-07-31T20:05:56.573Z","level":"audit","message":"gateway_request","requestId":"7c591183-2a00-4a5d-aaf5-f012fa76a807","method":"GET","path":"/services/health","status":200,"durationMs":59}
{"timestamp":"2026-07-31T20:06:09.742Z","level":"audit","message":"gateway_request","requestId":"bf5299b8-65db-4001-9d3d-c8a37f07293d","method":"PATCH","path":"/api/ai/data/ia_modelos/1","status":200,"durationMs":109}
{"timestamp":"2026-07-31T20:06:09.785Z","level":"audit","message":"gateway_request","requestId":"6420a21f-81da-49a7-bcbd-6c003d458479","method":"POST","path":"/api/learning/media/upload","status":400,"durationMs":11}
{"timestamp":"2026-07-31T20:06:09.819Z","level":"audit","message":"gateway_request","requestId":"9de556b9-8666-4d20-8c5c-dfaa9cf3aec8","method":"GET","path":"/api/learning/data/aprendizaje_lecciones?limit=1","status":200,"durationMs":22}
{"timestamp":"2026-07-31T20:06:09.833Z","level":"audit","message":"gateway_request","requestId":"7693e3d8-fc7b-4baf-8bbc-f9ac7ebeec9c","method":"GET","path":"/api/learning/data/aprendizaje_secciones_leccion?limit=1","status":200,"durationMs":9}
{"timestamp":"2026-07-31T20:06:09.848Z","level":"audit","message":"gateway_request","requestId":"7e334de2-7583-4703-945f-6aa796c0fc49","method":"GET","path":"/api/learning/data/aprendizaje_niveles_educativos?limit=1","status":200,"durationMs":13}
{"timestamp":"2026-07-31T20:06:09.856Z","level":"audit","message":"gateway_request","requestId":"fabdccbb-be35-48c0-8546-8e1d28a5e61c","method":"GET","path":"/api/learning/data/aprendizaje_categorias?limit=1","status":200,"durationMs":7}
{"timestamp":"2026-07-31T20:06:09.865Z","level":"audit","message":"gateway_request","requestId":"36768aba-7c96-4d39-a5df-6801ea3d7a23","method":"GET","path":"/api/learning/data/aprendizaje_medios?limit=1","status":200,"durationMs":6}
{"timestamp":"2026-07-31T20:06:09.872Z","level":"audit","message":"gateway_request","requestId":"d5d152ad-ee62-4deb-a219-b374273656d7","method":"GET","path":"/api/learning/data/aprendizaje_recursos?limit=1","status":200,"durationMs":5}
{"timestamp":"2026-07-31T20:06:09.923Z","level":"audit","message":"gateway_request","requestId":"37ce20d8-4622-4df8-84d6-956147f6e122","method":"GET","path":"/api/practice/data/practica_retos?limit=1","status":200,"durationMs":49}
{"timestamp":"2026-07-31T20:06:09.932Z","level":"audit","message":"gateway_request","requestId":"06ec59e9-d29c-4b8d-9247-7f0229f85448","method":"GET","path":"/api/practice/data/practica_juegos?limit=1","status":200,"durationMs":7}
{"timestamp":"2026-07-31T20:06:09.981Z","level":"audit","message":"gateway_request","requestId":"e05d5834-3f79-490e-8abb-5b8c5ee9f9c8","method":"GET","path":"/api/identity/data/identidad_usuarios?limit=1","status":200,"durationMs":48}
{"timestamp":"2026-07-31T20:06:09.988Z","level":"audit","message":"gateway_request","requestId":"a4adc6c4-75d7-4204-8091-885fafcc8a5b","method":"GET","path":"/api/practice/data/practica_progreso_usuario?limit=1","status":200,"durationMs":6}
{"timestamp":"2026-07-31T20:06:09.999Z","level":"audit","message":"gateway_request","requestId":"d54ff9d5-79f0-49c3-a302-3e9f280e5fc5","method":"GET","path":"/api/practice/data/practica_intentos_ejercicio?limit=1","status":200,"durationMs":10}
{"timestamp":"2026-07-31T20:06:10.008Z","level":"audit","message":"gateway_request","requestId":"d02de416-016b-40e2-854d-3725f46e9a6a","method":"GET","path":"/api/practice/data/practica_retos_usuario?limit=1","status":200,"durationMs":8}
{"timestamp":"2026-07-31T20:06:10.015Z","level":"audit","message":"gateway_request","requestId":"3ee19ae4-b0be-429d-9f5d-73ac8558f04b","method":"GET","path":"/api/learning/data/aprendizaje_configuracion_sitio?limit=1","status":200,"durationMs":6}
{"timestamp":"2026-07-31T20:06:10.027Z","level":"audit","message":"gateway_request","requestId":"ab96766f-1842-46cd-be6a-dabcd8f4e6cc","method":"GET","path":"/api/ai/data/ia_modelos?limit=1","status":200,"durationMs":11}
{"timestamp":"2026-07-31T20:06:10.035Z","level":"audit","message":"gateway_request","requestId":"dbd17f6e-0a02-4246-97be-322453542b62","method":"GET","path":"/api/ai/data/ia_prompts?limit=1","status":200,"durationMs":7}
{"timestamp":"2026-07-31T20:06:10.046Z","level":"audit","message":"gateway_request","requestId":"17210ac9-58ee-413a-9ffb-c2d9459b0964","method":"GET","path":"/api/ai/data/ia_generaciones?limit=1","status":200,"durationMs":9}
{"timestamp":"2026-07-31T20:09:14.027Z","level":"audit","message":"gateway_request","requestId":"f378f5fd-ad6e-423c-b236-140784963555","method":"GET","path":"/api/ai/data/ia_modelos/1","status":200,"durationMs":19}
{"timestamp":"2026-07-31T20:09:14.073Z","level":"audit","message":"gateway_request","requestId":"ae208198-7b3f-4658-8d94-22dd7a57f1bf","method":"GET","path":"/services/health","status":200,"durationMs":5}
{"timestamp":"2026-07-31T20:10:31.034Z","level":"audit","message":"gateway_request","requestId":"867ea6a4-c51f-4959-963b-00cd0ff11c70","method":"GET","path":"/api/identity/data/identidad_usuarios?limit=200&orderDirection=DESC","status":200,"durationMs":50}
{"timestamp":"2026-07-31T20:10:31.090Z","level":"audit","message":"gateway_request","requestId":"0d133cc6-863d-466e-9dac-cb01c5f0629e","method":"GET","path":"/api/learning/data/aprendizaje_lecciones?limit=200&orderDirection=DESC","status":200,"durationMs":123}
{"timestamp":"2026-07-31T20:10:31.116Z","level":"audit","message":"gateway_request","requestId":"8112cd3f-d6aa-42f1-b4a4-6c83e9f24a2a","method":"GET","path":"/api/learning/data/aprendizaje_secciones_leccion?limit=200&orderDirection=DESC","status":200,"durationMs":146}
{"timestamp":"2026-07-31T20:10:31.120Z","level":"audit","message":"gateway_request","requestId":"3953d7bc-e99f-4421-bfbe-ce2898fd3bf2","method":"GET","path":"/api/practice/data/practica_ejercicios?limit=200&orderDirection=DESC","status":200,"durationMs":148}
{"timestamp":"2026-07-31T20:10:31.123Z","level":"audit","message":"gateway_request","requestId":"e5d6ee71-f811-42d4-8d52-86c918a8d998","method":"GET","path":"/api/practice/data/practica_retos?limit=200&orderDirection=DESC","status":200,"durationMs":150}
{"timestamp":"2026-07-31T20:10:31.133Z","level":"audit","message":"gateway_request","requestId":"30daa9da-1938-4cd7-ba2c-950d09189ab4","method":"GET","path":"/services/health","status":200,"durationMs":41}
{"timestamp":"2026-07-31T20:10:31.137Z","level":"audit","message":"gateway_request","requestId":"b4216d36-420c-4b71-a140-292548bcdbf6","method":"GET","path":"/api/practice/data/practica_progreso_usuario?limit=200&orderDirection=DESC","status":200,"durationMs":151}
{"timestamp":"2026-07-31T20:10:31.147Z","level":"audit","message":"gateway_request","requestId":"9e9da387-7d9a-405f-be16-2581ebd34e6a","method":"GET","path":"/api/learning/data/aprendizaje_lecciones?limit=200&orderDirection=DESC","status":304,"durationMs":21}
{"timestamp":"2026-07-31T20:10:31.150Z","level":"audit","message":"gateway_request","requestId":"9310951a-0bd9-40c5-b4cf-7e09323bfeb1","method":"GET","path":"/api/identity/data/identidad_usuarios?limit=200&orderDirection=DESC","status":304,"durationMs":25}
{"timestamp":"2026-07-31T20:10:31.161Z","level":"audit","message":"gateway_request","requestId":"73e3ccfa-f82b-4b61-acee-b141c3f9a79c","method":"GET","path":"/api/practice/data/practica_ejercicios?limit=200&orderDirection=DESC","status":304,"durationMs":25}
{"timestamp":"2026-07-31T20:10:31.170Z","level":"audit","message":"gateway_request","requestId":"e48071ee-17de-4b3c-b2e2-044043e1777f","method":"GET","path":"/api/learning/data/aprendizaje_secciones_leccion?limit=200&orderDirection=DESC","status":304,"durationMs":43}
{"timestamp":"2026-07-31T20:10:31.177Z","level":"audit","message":"gateway_request","requestId":"25b0b92f-3c4e-4017-b47a-a6d57354370b","method":"GET","path":"/api/practice/data/practica_retos?limit=200&orderDirection=DESC","status":304,"durationMs":35}
{"timestamp":"2026-07-31T20:10:31.180Z","level":"audit","message":"gateway_request","requestId":"3ab8faad-2e56-4af9-ba35-3ad959df3ee9","method":"GET","path":"/services/health","status":200,"durationMs":25}
{"timestamp":"2026-07-31T20:10:31.184Z","level":"audit","message":"gateway_request","requestId":"75040f90-08b3-4748-a41f-219076744496","method":"GET","path":"/api/practice/data/practica_progreso_usuario?limit=200&orderDirection=DESC","status":304,"durationMs":25}
{"timestamp":"2026-07-31T20:10:31.188Z","level":"audit","message":"gateway_request","requestId":"6861b504-88e9-4751-8fb0-29333855b1ee","method":"GET","path":"/api/identity/data/identidad_usuarios?limit=200&orderDirection=DESC","status":304,"durationMs":12}
{"timestamp":"2026-07-31T20:10:31.193Z","level":"audit","message":"gateway_request","requestId":"e8be6f20-2fa7-493d-9628-a2924d761701","method":"GET","path":"/api/learning/data/aprendizaje_lecciones?limit=200&orderDirection=DESC","status":304,"durationMs":20}
{"timestamp":"2026-07-31T20:10:31.198Z","level":"audit","message":"gateway_request","requestId":"7ee47de0-d6a6-4fa4-82b7-fbff63130ebb","method":"GET","path":"/api/practice/data/practica_ejercicios?limit=200&orderDirection=DESC","status":304,"durationMs":16}
{"timestamp":"2026-07-31T20:10:31.205Z","level":"audit","message":"gateway_request","requestId":"5e3cb7c7-3deb-4a45-b926-e9bbaa616ead","method":"GET","path":"/api/practice/data/practica_retos?limit=200&orderDirection=DESC","status":304,"durationMs":15}
{"timestamp":"2026-07-31T20:10:31.208Z","level":"audit","message":"gateway_request","requestId":"71a2925a-ffe7-4e16-8e89-e9386874fb08","method":"GET","path":"/api/learning/data/aprendizaje_secciones_leccion?limit=200&orderDirection=DESC","status":304,"durationMs":22}
{"timestamp":"2026-07-31T20:10:31.213Z","level":"audit","message":"gateway_request","requestId":"ee3d26af-3858-4721-bbfd-ea4ef61c0c94","method":"GET","path":"/services/health","status":200,"durationMs":17}
{"timestamp":"2026-07-31T20:10:31.219Z","level":"audit","message":"gateway_request","requestId":"173c127f-a0db-4398-9def-6b0b2e6ac4c9","method":"GET","path":"/api/practice/data/practica_intentos_ejercicio?limit=200&orderDirection=DESC","status":200,"durationMs":182}
{"timestamp":"2026-07-31T20:10:31.222Z","level":"audit","message":"gateway_request","requestId":"a1e1c3dc-c15e-41df-a5c0-7f5258b6a32b","method":"GET","path":"/api/practice/data/practica_progreso_usuario?limit=200&orderDirection=DESC","status":304,"durationMs":19}
{"timestamp":"2026-07-31T20:10:31.225Z","level":"audit","message":"gateway_request","requestId":"9fda9be1-d4b6-44fd-b9a1-d7605991de75","method":"GET","path":"/api/identity/data/identidad_usuarios?limit=200&orderDirection=DESC","status":304,"durationMs":14}
{"timestamp":"2026-07-31T20:10:31.228Z","level":"audit","message":"gateway_request","requestId":"52683124-a0fc-45a8-8ebb-8bd8d40c10e3","method":"GET","path":"/api/learning/data/aprendizaje_lecciones?limit=200&orderDirection=DESC","status":304,"durationMs":14}
{"timestamp":"2026-07-31T20:10:31.237Z","level":"audit","message":"gateway_request","requestId":"83a7015d-88f3-4913-89ac-0e0fdd571661","method":"GET","path":"/api/practice/data/practica_ejercicios?limit=200&orderDirection=DESC","status":304,"durationMs":14}
{"timestamp":"2026-07-31T20:10:31.240Z","level":"audit","message":"gateway_request","requestId":"1655fb6e-6644-4cf8-bc8c-1b2ff6c5fe95","method":"GET","path":"/api/practice/data/practica_retos?limit=200&orderDirection=DESC","status":304,"durationMs":16}
{"timestamp":"2026-07-31T20:10:31.260Z","level":"audit","message":"gateway_request","requestId":"6488e050-9d5b-4ed2-aeec-0d551877973f","method":"GET","path":"/services/health","status":200,"durationMs":30}
{"timestamp":"2026-07-31T20:10:31.263Z","level":"audit","message":"gateway_request","requestId":"0e7d8a23-7780-486a-91aa-2dd1d43acaba","method":"GET","path":"/api/learning/data/aprendizaje_secciones_leccion?limit=200&orderDirection=DESC","status":304,"durationMs":34}
{"timestamp":"2026-07-31T20:10:31.266Z","level":"audit","message":"gateway_request","requestId":"338a1f08-8265-413b-bd05-eb42f865970a","method":"GET","path":"/api/practice/data/practica_intentos_ejercicio?limit=200&orderDirection=DESC","status":304,"durationMs":33}
{"timestamp":"2026-07-31T20:10:31.269Z","level":"audit","message":"gateway_request","requestId":"f7c492b1-7b6c-4e37-b568-65043952ba72","method":"GET","path":"/api/practice/data/practica_progreso_usuario?limit=200&orderDirection=DESC","status":304,"durationMs":34}
{"timestamp":"2026-07-31T20:10:31.290Z","level":"audit","message":"gateway_request","requestId":"078d901f-aebf-41c6-aade-8d72631dce45","method":"GET","path":"/api/practice/data/practica_intentos_ejercicio?limit=200&orderDirection=DESC","status":304,"durationMs":18}
{"timestamp":"2026-07-31T20:10:31.303Z","level":"audit","message":"gateway_request","requestId":"b1ed4191-7902-4d44-b5cc-13f741713d9d","method":"GET","path":"/api/practice/data/practica_intentos_ejercicio?limit=200&orderDirection=DESC","status":304,"durationMs":9}
{"timestamp":"2026-07-31T20:10:38.360Z","level":"audit","message":"gateway_request","requestId":"c6ad153f-7931-4303-ae30-43f47193bed6","method":"GET","path":"/api/learning/resources","status":304,"durationMs":11}
{"timestamp":"2026-07-31T20:10:38.365Z","level":"audit","message":"gateway_request","requestId":"e0def918-b425-442c-869f-1ae881c9c024","method":"GET","path":"/api/learning/resources","status":304,"durationMs":3}
{"timestamp":"2026-07-31T20:10:38.368Z","level":"audit","message":"gateway_request","requestId":"d017e916-7271-4c58-a2b0-403bbe663dca","method":"GET","path":"/api/learning/data/aprendizaje_lecciones?limit=200&orderDirection=DESC","status":304,"durationMs":14}
{"timestamp":"2026-07-31T20:10:38.373Z","level":"audit","message":"gateway_request","requestId":"d25e2abd-3628-4fb0-a6af-c6fda932615f","method":"GET","path":"/api/learning/data/aprendizaje_lecciones?limit=200&orderDirection=DESC","status":304,"durationMs":4}
{"timestamp":"2026-07-31T20:10:48.510Z","level":"audit","message":"gateway_request","requestId":"a6bc3ecc-f49c-4907-8c0b-843cc3487d8c","method":"GET","path":"/api/practice/resources","status":200,"durationMs":8}
{"timestamp":"2026-07-31T20:10:48.516Z","level":"audit","message":"gateway_request","requestId":"f9ceedea-3f75-4d26-9974-c68f1709601f","method":"GET","path":"/api/practice/data/aprendizaje_lecciones?limit=200&orderDirection=DESC","status":404,"durationMs":10}
{"timestamp":"2026-07-31T20:10:51.415Z","level":"audit","message":"gateway_request","requestId":"2f749afb-60ec-42d5-85dc-cc1d6a2366d5","method":"GET","path":"/api/identity/resources","status":200,"durationMs":4}
{"timestamp":"2026-07-31T20:10:51.431Z","level":"audit","message":"gateway_request","requestId":"52b1d360-779b-401f-9820-1a9254a1f61b","method":"GET","path":"/api/identity/data/aprendizaje_lecciones?limit=200&orderDirection=DESC","status":404,"durationMs":19}
{"timestamp":"2026-07-31T20:10:52.053Z","level":"audit","message":"gateway_request","requestId":"da2aa1d3-b3dd-4248-8d4b-d02804b2fa15","method":"GET","path":"/api/practice/resources","status":304,"durationMs":3}
{"timestamp":"2026-07-31T20:10:52.060Z","level":"audit","message":"gateway_request","requestId":"127ba4ec-b39b-49d3-aabf-3e326541d656","method":"GET","path":"/api/practice/data/aprendizaje_lecciones?limit=200&orderDirection=DESC","status":404,"durationMs":9}
{"timestamp":"2026-07-31T20:10:54.614Z","level":"audit","message":"gateway_request","requestId":"0f8c5365-b4ba-46b6-93c4-2537eacbe437","method":"GET","path":"/api/identity/resources","status":304,"durationMs":5}
{"timestamp":"2026-07-31T20:10:54.620Z","level":"audit","message":"gateway_request","requestId":"b647c904-e724-4859-bde5-ab3b3c6801ca","method":"GET","path":"/api/identity/data/aprendizaje_lecciones?limit=200&orderDirection=DESC","status":404,"durationMs":9}
{"timestamp":"2026-07-31T20:19:26.061Z","level":"audit","message":"gateway_request","requestId":"d4cb5e69-040d-4d3e-8f4f-3a0b0322703b","method":"GET","path":"/api/practice/dashboard/3","status":304,"durationMs":72}
{"timestamp":"2026-07-31T20:19:26.068Z","level":"audit","message":"gateway_request","requestId":"18737e72-42af-4d19-8c13-44fbfb9fc164","method":"GET","path":"/api/learning/catalog","status":304,"durationMs":80}
{"timestamp":"2026-07-31T20:19:26.074Z","level":"audit","message":"gateway_request","requestId":"bb51f45d-8f8b-48bf-9d09-da337d6b5f96","method":"GET","path":"/api/learning/lessons/suma-numeros-naturales","status":304,"durationMs":90}
{"timestamp":"2026-07-31T20:20:10.957Z","level":"audit","message":"gateway_request","requestId":"71ec3e32-4716-4583-a1c5-bcfc5ab58cd8","method":"GET","path":"/api/practice/dashboard/3","status":304,"durationMs":16}
{"timestamp":"2026-07-31T20:20:10.967Z","level":"audit","message":"gateway_request","requestId":"7b8870f9-9995-41d4-980c-6d8d509a857b","method":"GET","path":"/api/learning/catalog","status":304,"durationMs":27}
{"timestamp":"2026-07-31T20:20:10.970Z","level":"audit","message":"gateway_request","requestId":"9ba19f95-290b-48de-af58-6b5a8372b330","method":"GET","path":"/api/learning/lessons/suma-numeros-naturales","status":304,"durationMs":31}
{"timestamp":"2026-07-31T20:20:37.980Z","level":"audit","message":"gateway_request","requestId":"b4cda348-7e7f-4344-8457-adb7f6ae3391","method":"GET","path":"/api/practice/dashboard/3","status":304,"durationMs":20}
{"timestamp":"2026-07-31T20:20:37.988Z","level":"audit","message":"gateway_request","requestId":"3eb6dc36-defb-432a-ab1e-209d1e62ec21","method":"GET","path":"/api/learning/catalog","status":304,"durationMs":29}
{"timestamp":"2026-07-31T20:20:37.993Z","level":"audit","message":"gateway_request","requestId":"562f0ef4-8a7f-4645-a4f2-a4a3f0c7ea8e","method":"GET","path":"/api/learning/lessons/suma-numeros-naturales","status":304,"durationMs":35}
{"timestamp":"2026-07-31T20:25:12.060Z","level":"audit","message":"gateway_request","requestId":"bce34571-4cb1-44d6-844b-5d40e498b80f","method":"POST","path":"/api/identity/auth/login","status":200,"durationMs":309}
{"timestamp":"2026-07-31T20:25:12.323Z","level":"audit","message":"gateway_request","requestId":"18eac2d4-cf19-4b70-943f-4e1ac7f0faf5","method":"POST","path":"/api/identity/auth/login","status":200,"durationMs":255}
{"timestamp":"2026-07-31T20:25:12.339Z","level":"audit","message":"gateway_request","requestId":"83e70527-4ddf-43f8-adff-46b362d05be9","method":"GET","path":"/services/health","status":200,"durationMs":15}
{"timestamp":"2026-07-31T20:25:12.364Z","level":"audit","message":"gateway_request","requestId":"383129d3-d11f-4484-a2c8-f0139e646497","method":"GET","path":"/api/learning/catalog","status":200,"durationMs":22}
{"timestamp":"2026-07-31T20:25:12.374Z","level":"audit","message":"gateway_request","requestId":"d5762729-dcaa-40ef-88f9-34ee0fd2163b","method":"GET","path":"/api/learning/practice-topics","status":200,"durationMs":8}
{"timestamp":"2026-07-31T20:25:12.391Z","level":"audit","message":"gateway_request","requestId":"843b9932-fd9c-4e0e-acbd-45d163525aa9","method":"GET","path":"/api/practice/games/balanza-ecuaciones","status":200,"durationMs":15}
{"timestamp":"2026-07-31T20:25:12.397Z","level":"audit","message":"gateway_request","requestId":"b14cf622-a710-4b9a-9712-91ab15618d40","method":"GET","path":"/api/practice/exercises/11","status":200,"durationMs":5}
{"timestamp":"2026-07-31T20:25:12.415Z","level":"audit","message":"gateway_request","requestId":"47a7fb6d-8ed2-48a2-b2c9-1dd4e99cd7c9","method":"POST","path":"/api/practice/attempts","status":201,"durationMs":16}
{"timestamp":"2026-07-31T20:25:12.440Z","level":"audit","message":"gateway_request","requestId":"21205e85-36f3-4941-956c-e8cdb60fd6eb","method":"POST","path":"/api/ai/generate-exercises","status":201,"durationMs":22}
{"timestamp":"2026-07-31T20:25:12.461Z","level":"audit","message":"gateway_request","requestId":"b77a5ec5-2ae0-411c-b6fa-1596d7bf5daa","method":"POST","path":"/api/ai/tutor","status":200,"durationMs":19}
{"timestamp":"2026-07-31T20:25:12.464Z","level":"audit","message":"gateway_request","requestId":"f79e3f74-0bed-4480-971f-12a34d7c4585","method":"GET","path":"/api/learning/resources","status":200,"durationMs":2}
{"timestamp":"2026-07-31T20:25:12.469Z","level":"audit","message":"gateway_request","requestId":"d0f3f3f2-987c-424d-9259-7354530dff49","method":"GET","path":"/api/practice/resources","status":200,"durationMs":3}
{"timestamp":"2026-07-31T20:25:12.473Z","level":"audit","message":"gateway_request","requestId":"7b80c8d6-98a0-4e0f-94d1-f790c975b782","method":"GET","path":"/api/ai/resources","status":200,"durationMs":2}
{"timestamp":"2026-07-31T20:25:12.476Z","level":"audit","message":"gateway_request","requestId":"d8a6895c-bb7f-4198-bfa6-7ffe7cee7837","method":"GET","path":"/api/identity/resources","status":200,"durationMs":2}
{"timestamp":"2026-07-31T20:25:12.483Z","level":"audit","message":"gateway_request","requestId":"3a5e8bad-1ee3-4c41-b0c0-3f82a7703439","method":"DELETE","path":"/api/practice/data/practica_intentos_ejercicio/3","status":200,"durationMs":6}
{"timestamp":"2026-07-31T20:25:12.491Z","level":"audit","message":"gateway_request","requestId":"687f1e61-967e-4c72-ac3c-29dae356d714","method":"DELETE","path":"/api/ai/data/ia_generaciones/2","status":200,"durationMs":7}
{"timestamp":"2026-07-31T20:25:12.501Z","level":"audit","message":"gateway_request","requestId":"8031aa01-d02b-44ed-90dc-9087451c8943","method":"GET","path":"/api/ai/data/ia_mensajes?limit=100","status":200,"durationMs":9}
{"timestamp":"2026-07-31T20:25:12.508Z","level":"audit","message":"gateway_request","requestId":"82575741-107c-4304-a2dd-0bbf6837d203","method":"DELETE","path":"/api/ai/data/ia_mensajes/3","status":200,"durationMs":5}
{"timestamp":"2026-07-31T20:25:12.512Z","level":"audit","message":"gateway_request","requestId":"9f66ac19-4a91-4584-a211-c1793c3c5057","method":"DELETE","path":"/api/ai/data/ia_mensajes/4","status":200,"durationMs":3}
{"timestamp":"2026-07-31T20:25:12.517Z","level":"audit","message":"gateway_request","requestId":"0cb23ce7-fd68-4277-93d7-b5ef82ba1c00","method":"DELETE","path":"/api/ai/data/ia_conversaciones/3f802983-1298-4dab-9a0d-ff44f4c7d443","status":200,"durationMs":4}
{"timestamp":"2026-07-31T20:25:23.019Z","level":"audit","message":"gateway_request","requestId":"afd02171-abc0-4874-962a-78e7b90fcf4c","method":"GET","path":"/","status":404,"durationMs":1}
{"timestamp":"2026-07-31T20:27:10.857Z","level":"audit","message":"gateway_request","requestId":"c4d53423-be07-4287-9473-232d8260d442","method":"POST","path":"/api/identity/auth/login","status":200,"durationMs":250}
{"timestamp":"2026-07-31T20:27:10.868Z","level":"audit","message":"gateway_request","requestId":"07615e3f-0b97-4640-9872-320a94a71197","method":"GET","path":"/api/learning/resources","status":200,"durationMs":4}
{"timestamp":"2026-07-31T20:27:10.880Z","level":"audit","message":"gateway_request","requestId":"5a7a8311-44c5-4384-8ca2-9e7fdb6603b2","method":"GET","path":"/api/learning/data/aprendizaje_categorias?limit=2","status":200,"durationMs":11}
{"timestamp":"2026-07-31T20:27:10.889Z","level":"audit","message":"gateway_request","requestId":"a534d1d2-a3bf-4156-a490-b412dc22a292","method":"GET","path":"/api/learning/data/aprendizaje_configuracion_sitio?limit=2","status":200,"durationMs":7}
{"timestamp":"2026-07-31T20:27:10.895Z","level":"audit","message":"gateway_request","requestId":"ac076c53-c407-47ca-b4cd-3eb42ce0c3a3","method":"GET","path":"/api/learning/data/aprendizaje_lecciones?limit=2","status":200,"durationMs":4}
{"timestamp":"2026-07-31T20:27:10.904Z","level":"audit","message":"gateway_request","requestId":"252bfa31-0995-47b8-93bc-dce2dfbfc6cd","method":"GET","path":"/api/learning/data/aprendizaje_medios?limit=2","status":200,"durationMs":7}
{"timestamp":"2026-07-31T20:27:10.910Z","level":"audit","message":"gateway_request","requestId":"cebf3fc8-135c-45d2-a47b-cebe10a389bc","method":"GET","path":"/api/learning/data/aprendizaje_medios_leccion?limit=2","status":200,"durationMs":4}
{"timestamp":"2026-07-31T20:27:10.916Z","level":"audit","message":"gateway_request","requestId":"19858b23-1a8f-46a5-a5aa-9666544c936d","method":"GET","path":"/api/learning/data/aprendizaje_niveles_educativos?limit=2","status":200,"durationMs":5}
{"timestamp":"2026-07-31T20:27:10.922Z","level":"audit","message":"gateway_request","requestId":"d1e4857f-4b1f-4c2e-a339-9360a7300877","method":"GET","path":"/api/learning/data/aprendizaje_recursos?limit=2","status":200,"durationMs":4}
{"timestamp":"2026-07-31T20:27:10.929Z","level":"audit","message":"gateway_request","requestId":"c32bd7f5-70be-4c60-a2af-28f704493b4d","method":"GET","path":"/api/learning/data/aprendizaje_secciones_leccion?limit=2","status":200,"durationMs":5}
{"timestamp":"2026-07-31T20:27:10.933Z","level":"audit","message":"gateway_request","requestId":"13ecc128-a700-4327-8534-7e7544a14690","method":"GET","path":"/api/practice/resources","status":200,"durationMs":3}
{"timestamp":"2026-07-31T20:27:10.946Z","level":"audit","message":"gateway_request","requestId":"a38cbfe7-1f5b-4b58-860f-d0d46acfb426","method":"GET","path":"/api/practice/data/practica_juegos?limit=2","status":200,"durationMs":13}
{"timestamp":"2026-07-31T20:27:10.951Z","level":"audit","message":"gateway_request","requestId":"edc3e2af-9af0-493f-ab05-fdd40302d8a6","method":"GET","path":"/api/practice/data/practica_ejercicios?limit=2","status":200,"durationMs":4}
{"timestamp":"2026-07-31T20:27:10.955Z","level":"audit","message":"gateway_request","requestId":"31c77436-6f2c-4610-93c4-a9c8f929b0fe","method":"GET","path":"/api/practice/data/practica_intentos_ejercicio?limit=2","status":200,"durationMs":3}
{"timestamp":"2026-07-31T20:27:10.962Z","level":"audit","message":"gateway_request","requestId":"67efd0f7-1180-415a-bdbc-309cfbef9463","method":"GET","path":"/api/practice/data/practica_progreso_usuario?limit=2","status":200,"durationMs":5}
{"timestamp":"2026-07-31T20:27:10.967Z","level":"audit","message":"gateway_request","requestId":"3166e88f-6073-4e07-b878-77f2393b352f","method":"GET","path":"/api/practice/data/practica_retos?limit=2","status":200,"durationMs":4}
{"timestamp":"2026-07-31T20:27:10.973Z","level":"audit","message":"gateway_request","requestId":"85714ae1-c5a0-42f1-8421-dcdf8591d6be","method":"GET","path":"/api/practice/data/practica_retos_usuario?limit=2","status":200,"durationMs":5}
{"timestamp":"2026-07-31T20:27:10.976Z","level":"audit","message":"gateway_request","requestId":"0c64f55d-99ac-4108-bd74-84fdda729de6","method":"GET","path":"/api/ai/resources","status":200,"durationMs":2}
{"timestamp":"2026-07-31T20:27:10.986Z","level":"audit","message":"gateway_request","requestId":"1df50ff8-785e-4f05-b79c-31b1d616dfc8","method":"GET","path":"/api/ai/data/ia_conversaciones?limit=2","status":200,"durationMs":8}
{"timestamp":"2026-07-31T20:27:10.991Z","level":"audit","message":"gateway_request","requestId":"dafed9fa-e747-4017-95ed-a8b976743d52","method":"GET","path":"/api/ai/data/ia_generaciones?limit=2","status":200,"durationMs":4}
{"timestamp":"2026-07-31T20:27:10.996Z","level":"audit","message":"gateway_request","requestId":"404351c8-6725-408e-8fa9-6ca3118fc0a4","method":"GET","path":"/api/ai/data/ia_mensajes?limit=2","status":200,"durationMs":4}
{"timestamp":"2026-07-31T20:27:11.001Z","level":"audit","message":"gateway_request","requestId":"ff20226e-102e-4899-9258-af961ee26bf7","method":"GET","path":"/api/ai/data/ia_modelos?limit=2","status":200,"durationMs":4}
{"timestamp":"2026-07-31T20:27:11.007Z","level":"audit","message":"gateway_request","requestId":"7d6e675b-3ade-4a6b-824f-5b162ca4b043","method":"GET","path":"/api/ai/data/ia_prompts?limit=2","status":200,"durationMs":5}
{"timestamp":"2026-07-31T20:27:11.011Z","level":"audit","message":"gateway_request","requestId":"6070b076-94bf-4fef-8a58-d788410e016a","method":"GET","path":"/api/identity/resources","status":200,"durationMs":2}
{"timestamp":"2026-07-31T20:27:11.019Z","level":"audit","message":"gateway_request","requestId":"c512fcf2-1338-4891-9c5e-48ecd86a0908","method":"GET","path":"/api/identity/data/identidad_usuarios?limit=2","status":200,"durationMs":7}
{"timestamp":"2026-07-31T20:28:21.835Z","level":"audit","message":"gateway_request","requestId":"5faae3f1-b19c-42b3-a5bd-2e0ffc539a62","method":"POST","path":"/api/identity/auth/login","status":200,"durationMs":293}
{"timestamp":"2026-07-31T20:28:22.097Z","level":"audit","message":"gateway_request","requestId":"e2dcdd8c-89b5-4ac5-8cac-2cb630f059d9","method":"POST","path":"/api/identity/auth/login","status":200,"durationMs":253}
{"timestamp":"2026-07-31T20:28:22.114Z","level":"audit","message":"gateway_request","requestId":"9db6136f-14ec-49b2-90ed-93fa7a5031ac","method":"GET","path":"/api/learning/catalog","status":200,"durationMs":16}
{"timestamp":"2026-07-31T20:28:22.117Z","level":"audit","message":"gateway_request","requestId":"86745252-4504-486e-82b7-887dc85fb854","method":"GET","path":"/api/identity/data/identidad_usuarios","status":401,"durationMs":2}
{"timestamp":"2026-07-31T20:28:22.121Z","level":"audit","message":"gateway_request","requestId":"e1575dc5-48f0-4f8b-9826-c485d2d1ee2e","method":"GET","path":"/api/identity/data/identidad_usuarios","status":403,"durationMs":3,"subject":"2"}
{"timestamp":"2026-07-31T20:28:22.131Z","level":"audit","message":"gateway_request","requestId":"c5408048-a5e6-4c0a-a520-078463f9d013","method":"GET","path":"/api/identity/data/identidad_usuarios","status":200,"durationMs":8,"subject":"1"}
{"timestamp":"2026-07-31T20:28:22.149Z","level":"audit","message":"gateway_request","requestId":"baec0fe1-bd8e-42d4-8f03-de1d92a135b1","method":"GET","path":"/api/practice/dashboard/2","status":200,"durationMs":17,"subject":"2"}
{"timestamp":"2026-07-31T20:28:32.845Z","level":"audit","message":"gateway_request","requestId":"67671a83-38d1-4c98-9432-afdf917be54f","method":"GET","path":"/services/health","status":200,"durationMs":37}
{"timestamp":"2026-07-31T20:29:40.045Z","level":"audit","message":"gateway_request","requestId":"bef88515-f7ef-4e52-9bd6-2bc4a61be38c","method":"GET","path":"/api/practice/dashboard/3","status":200,"durationMs":30}
{"timestamp":"2026-07-31T20:29:40.063Z","level":"audit","message":"gateway_request","requestId":"e333d532-d821-427a-aa89-2f9ebb5abd6a","method":"GET","path":"/services/health","status":200,"durationMs":11}
{"timestamp":"2026-07-31T20:33:50.383Z","level":"audit","message":"gateway_request","requestId":"4911feb2-24c6-482a-b2e3-879062dfd9a7","method":"GET","path":"/services/health","status":200,"durationMs":22}
{"timestamp":"2026-07-31T20:33:50.394Z","level":"audit","message":"gateway_request","requestId":"06143c62-f98c-4321-99c8-222af5fcee7b","method":"GET","path":"/services/health","status":200,"durationMs":7}
{"timestamp":"2026-07-31T20:33:51.023Z","level":"audit","message":"gateway_request","requestId":"007bfe1f-d776-4643-b178-ead8d39130ed","method":"GET","path":"/services/health","status":200,"durationMs":12}
{"timestamp":"2026-07-31T20:33:51.039Z","level":"audit","message":"gateway_request","requestId":"ddfbc7a1-e3ac-440b-b7ed-74cbdc7891d3","method":"GET","path":"/services/health","status":200,"durationMs":14}
{"timestamp":"2026-07-31T20:34:15.380Z","level":"audit","message":"gateway_request","requestId":"cd2e5223-f57f-47ac-bb76-f6a8ce17f7bf","method":"POST","path":"/api/identity/auth/login","status":401,"durationMs":340}
{"timestamp":"2026-07-31T20:34:19.239Z","level":"audit","message":"gateway_request","requestId":"25489b6d-0d13-4c1c-96d3-c37c9dea66b3","method":"POST","path":"/api/identity/auth/login","status":401,"durationMs":293}
{"timestamp":"2026-07-31T20:34:26.052Z","level":"audit","message":"gateway_request","requestId":"a9452c3a-d797-4c1b-a671-cee28b7be7d5","method":"POST","path":"/api/identity/auth/login","status":401,"durationMs":293}
{"timestamp":"2026-07-31T20:34:46.371Z","level":"audit","message":"gateway_request","requestId":"35df4430-5c77-42d3-b94d-d31113c511ae","method":"POST","path":"/api/identity/auth/login","status":200,"durationMs":302}
{"timestamp":"2026-07-31T20:34:46.420Z","level":"audit","message":"gateway_request","requestId":"3e56e16f-2188-43fd-888c-b36282da5566","method":"GET","path":"/api/identity/data/identidad_usuarios?limit=200&orderDirection=DESC","status":304,"durationMs":16}
{"timestamp":"2026-07-31T20:34:46.472Z","level":"audit","message":"gateway_request","requestId":"244aec26-cccb-40f2-bbea-6af281a923c4","method":"GET","path":"/api/practice/data/practica_ejercicios?limit=200&orderDirection=DESC","status":304,"durationMs":72}
{"timestamp":"2026-07-31T20:34:46.478Z","level":"audit","message":"gateway_request","requestId":"78f062a5-6838-492a-9407-8cb0b7801e9c","method":"GET","path":"/api/practice/data/practica_retos?limit=200&orderDirection=DESC","status":304,"durationMs":76}
{"timestamp":"2026-07-31T20:34:46.489Z","level":"audit","message":"gateway_request","requestId":"4d4c4363-46da-4dfb-9764-8ac611a5c530","method":"GET","path":"/api/identity/data/identidad_usuarios?limit=200&orderDirection=DESC","status":304,"durationMs":14}
{"timestamp":"2026-07-31T20:34:46.491Z","level":"audit","message":"gateway_request","requestId":"4726782c-bd1d-4c14-a4f2-f29aac9fa67e","method":"GET","path":"/api/practice/data/practica_intentos_ejercicio?limit=200&orderDirection=DESC","status":304,"durationMs":69}
{"timestamp":"2026-07-31T20:34:46.499Z","level":"audit","message":"gateway_request","requestId":"74af461d-38cc-4352-971e-f0eda49846c7","method":"GET","path":"/api/practice/data/practica_progreso_usuario?limit=200&orderDirection=DESC","status":304,"durationMs":96}
{"timestamp":"2026-07-31T20:34:46.503Z","level":"audit","message":"gateway_request","requestId":"4db60e6a-f250-42db-9903-f4c13ea6cf2d","method":"GET","path":"/api/learning/data/aprendizaje_lecciones?limit=200&orderDirection=DESC","status":304,"durationMs":109}
{"timestamp":"2026-07-31T20:34:46.510Z","level":"audit","message":"gateway_request","requestId":"b12e0a0a-9320-4f31-8feb-d40f26d775c4","method":"GET","path":"/api/practice/data/practica_ejercicios?limit=200&orderDirection=DESC","status":304,"durationMs":26}
{"timestamp":"2026-07-31T20:34:46.516Z","level":"audit","message":"gateway_request","requestId":"6f24fa88-d167-4621-8350-f7592ef2576b","method":"GET","path":"/api/learning/data/aprendizaje_secciones_leccion?limit=200&orderDirection=DESC","status":200,"durationMs":119}
{"timestamp":"2026-07-31T20:34:46.519Z","level":"audit","message":"gateway_request","requestId":"d6033fff-08a2-4b6e-9a0c-787beb3e0cd2","method":"GET","path":"/api/practice/data/practica_retos?limit=200&orderDirection=DESC","status":304,"durationMs":18}
{"timestamp":"2026-07-31T20:34:46.523Z","level":"audit","message":"gateway_request","requestId":"95b9f209-aaae-49d1-86af-f88eea8f41db","method":"GET","path":"/api/learning/data/aprendizaje_lecciones?limit=200&orderDirection=DESC","status":304,"durationMs":15}
{"timestamp":"2026-07-31T20:34:46.525Z","level":"audit","message":"gateway_request","requestId":"4eaa8957-52db-4bb0-b1e3-e9a784e76921","method":"GET","path":"/api/practice/data/practica_intentos_ejercicio?limit=200&orderDirection=DESC","status":304,"durationMs":19}
{"timestamp":"2026-07-31T20:34:46.529Z","level":"audit","message":"gateway_request","requestId":"f64fe056-424a-4fa4-a308-582925c20ac4","method":"GET","path":"/api/practice/data/practica_progreso_usuario?limit=200&orderDirection=DESC","status":304,"durationMs":22}
{"timestamp":"2026-07-31T20:34:46.540Z","level":"audit","message":"gateway_request","requestId":"7c4c1508-db27-42f9-99c1-c723df2615b1","method":"GET","path":"/api/learning/data/aprendizaje_secciones_leccion?limit=200&orderDirection=DESC","status":304,"durationMs":13}
{"timestamp":"2026-07-31T20:34:49.578Z","level":"audit","message":"gateway_request","requestId":"275081f7-dd71-4536-a599-32dd2a9b73cd","method":"GET","path":"/api/practice/resources","status":304,"durationMs":5}
{"timestamp":"2026-07-31T20:34:49.582Z","level":"audit","message":"gateway_request","requestId":"337f7bf4-d064-4eaa-8935-c69e6bfd8bfc","method":"GET","path":"/api/practice/data/practica_retos?limit=200&orderDirection=DESC","status":304,"durationMs":11}
{"timestamp":"2026-07-31T20:34:49.585Z","level":"audit","message":"gateway_request","requestId":"27a42e41-9153-46bf-92cb-4d564f636885","method":"GET","path":"/api/practice/resources","status":304,"durationMs":5}
{"timestamp":"2026-07-31T20:34:49.590Z","level":"audit","message":"gateway_request","requestId":"f11bf610-7d70-4c3c-9490-02d3742ed365","method":"GET","path":"/api/practice/data/practica_retos?limit=200&orderDirection=DESC","status":304,"durationMs":7}
{"timestamp":"2026-07-31T20:36:16.936Z","level":"audit","message":"gateway_request","requestId":"ec45aaa6-ebdb-421d-8d49-8d56b6d9c987","method":"GET","path":"/api/identity/resources","status":304,"durationMs":5}
{"timestamp":"2026-07-31T20:36:16.944Z","level":"audit","message":"gateway_request","requestId":"8886500c-6966-4805-9385-b1f8f2f3fdf4","method":"GET","path":"/api/identity/data/practica_retos?limit=200&orderDirection=DESC","status":404,"durationMs":11}
{"timestamp":"2026-07-31T20:36:42.515Z","level":"audit","message":"gateway_request","requestId":"060cf57f-d49b-4bd6-a2f5-6149bb5a792e","method":"GET","path":"/api/practice/resources","status":304,"durationMs":11}
{"timestamp":"2026-07-31T20:36:42.529Z","level":"audit","message":"gateway_request","requestId":"75ae2387-2c0b-41b0-9a81-977d51293fbd","method":"GET","path":"/api/practice/data/practica_retos?limit=200&orderDirection=DESC","status":304,"durationMs":23}
{"timestamp":"2026-07-31T20:36:45.816Z","level":"audit","message":"gateway_request","requestId":"e0fecaf5-fe3e-4f9a-8692-6f399b04f8c9","method":"GET","path":"/api/learning/resources","status":304,"durationMs":32}
{"timestamp":"2026-07-31T20:36:45.927Z","level":"audit","message":"gateway_request","requestId":"8934dbbe-6f48-406d-ada5-25829e8e14b6","method":"GET","path":"/api/learning/resources","status":304,"durationMs":107}
{"timestamp":"2026-07-31T20:36:45.984Z","level":"audit","message":"gateway_request","requestId":"a35fbe13-0e7f-4d44-9250-bf88b6f8d719","method":"GET","path":"/api/learning/data/aprendizaje_configuracion_sitio?limit=200&orderDirection=DESC","status":200,"durationMs":197}
{"timestamp":"2026-07-31T20:36:45.995Z","level":"audit","message":"gateway_request","requestId":"132a0451-28f1-4d42-9465-1d7304443742","method":"GET","path":"/api/learning/data/aprendizaje_configuracion_sitio?limit=200&orderDirection=DESC","status":304,"durationMs":8}
{"timestamp":"2026-07-31T20:36:52.885Z","level":"audit","message":"gateway_request","requestId":"2b462fbf-6be1-4b51-957f-11474c331053","method":"GET","path":"/api/ai/resources","status":200,"durationMs":33}
{"timestamp":"2026-07-31T20:36:52.932Z","level":"audit","message":"gateway_request","requestId":"1070f89f-008e-48fd-9b27-5350fb52fdc2","method":"GET","path":"/api/ai/data/aprendizaje_configuracion_sitio?limit=200&orderDirection=DESC","status":404,"durationMs":78}
{"timestamp":"2026-07-31T20:37:18.946Z","level":"audit","message":"gateway_request","requestId":"59569a82-7073-46f0-a840-043a33d4a3b7","method":"GET","path":"/api/ai/resources","status":304,"durationMs":11}
{"timestamp":"2026-07-31T20:37:18.988Z","level":"audit","message":"gateway_request","requestId":"1f7b8434-7caa-4ddd-a956-24e47cc10753","method":"GET","path":"/api/ai/resources","status":304,"durationMs":40}
{"timestamp":"2026-07-31T20:37:18.994Z","level":"audit","message":"gateway_request","requestId":"65bf2b05-13c2-44e9-acf8-06dad9f87eda","method":"GET","path":"/services/health","status":200,"durationMs":52}
{"timestamp":"2026-07-31T20:37:19.016Z","level":"audit","message":"gateway_request","requestId":"82af5f8c-8530-4935-9213-86b0346456a0","method":"GET","path":"/api/ai/data/ia_modelos?limit=200&orderDirection=DESC","status":200,"durationMs":76}
{"timestamp":"2026-07-31T20:37:19.023Z","level":"audit","message":"gateway_request","requestId":"cae6cb1d-d2e7-46a3-a50b-14c731224776","method":"GET","path":"/api/ai/data/ia_modelos?limit=200&orderDirection=DESC","status":304,"durationMs":5}
{"timestamp":"2026-07-31T20:38:11.014Z","level":"audit","message":"gateway_request","requestId":"9bb68800-696b-4687-8895-638d8970830d","method":"POST","path":"/api/identity/auth/login","status":200,"durationMs":286}
{"timestamp":"2026-07-31T20:38:11.272Z","level":"audit","message":"gateway_request","requestId":"ffd7b987-6f8a-4a08-9822-4ff7590a9296","method":"POST","path":"/api/identity/auth/login","status":401,"durationMs":248}
{"timestamp":"2026-07-31T20:38:11.279Z","level":"audit","message":"gateway_request","requestId":"b2f95176-abdc-4205-bc5a-5ecf64b44848","method":"GET","path":"/services/health","status":200,"durationMs":4}
{"timestamp":"2026-07-31T20:39:32.942Z","level":"audit","message":"gateway_request","requestId":"7f8ddcd2-493b-44d5-bcf8-0a05cc92fb66","method":"GET","path":"/api/ai/resources","status":304,"durationMs":15}
{"timestamp":"2026-07-31T20:39:32.955Z","level":"audit","message":"gateway_request","requestId":"c6a23d3a-e82b-4bda-a339-8fe535ee90de","method":"GET","path":"/api/ai/data/ia_prompts?limit=200&orderDirection=DESC","status":200,"durationMs":31}
{"timestamp":"2026-07-31T20:39:33.536Z","level":"audit","message":"gateway_request","requestId":"c4c952f9-cf88-4b30-85c0-d945be212f92","method":"GET","path":"/api/ai/resources","status":304,"durationMs":3}
{"timestamp":"2026-07-31T20:39:33.548Z","level":"audit","message":"gateway_request","requestId":"9da21127-5493-4a49-9ba2-1c5688fc4c55","method":"GET","path":"/api/ai/data/ia_generaciones?limit=200&orderDirection=DESC","status":200,"durationMs":13}
{"timestamp":"2026-07-31T20:39:35.913Z","level":"audit","message":"gateway_request","requestId":"59256866-f581-4d87-8cd6-bc8ef8517dca","method":"GET","path":"/api/ai/resources","status":304,"durationMs":5}
{"timestamp":"2026-07-31T20:39:35.917Z","level":"audit","message":"gateway_request","requestId":"31b96748-6f5a-4c7a-9402-3faf4ba05cc1","method":"GET","path":"/api/ai/data/ia_modelos?limit=200&orderDirection=DESC","status":304,"durationMs":7}
{"timestamp":"2026-07-31T20:39:42.839Z","level":"audit","message":"gateway_request","requestId":"3f64e53d-6749-4faa-8ee5-b1a470d80b20","method":"GET","path":"/api/learning/resources","status":304,"durationMs":7}
{"timestamp":"2026-07-31T20:39:42.852Z","level":"audit","message":"gateway_request","requestId":"dcbb8ef1-93ed-4f96-8d83-14249ba717aa","method":"GET","path":"/api/learning/resources","status":304,"durationMs":10}
{"timestamp":"2026-07-31T20:39:42.862Z","level":"audit","message":"gateway_request","requestId":"1c1679bb-48e0-419e-9223-d6f0c09d90b1","method":"GET","path":"/api/learning/data/aprendizaje_medios?limit=200&orderDirection=DESC","status":200,"durationMs":29}
{"timestamp":"2026-07-31T20:39:42.870Z","level":"audit","message":"gateway_request","requestId":"3c4cdef2-eb81-48e7-b796-31fabdc845bb","method":"GET","path":"/api/learning/data/aprendizaje_medios?limit=200&orderDirection=DESC","status":304,"durationMs":6}
{"timestamp":"2026-07-31T20:39:50.340Z","level":"audit","message":"gateway_request","requestId":"abc4146f-5f40-4c3b-8386-dcb049bc061e","method":"GET","path":"/api/learning/catalog","status":200,"durationMs":39}
{"timestamp":"2026-07-31T20:39:50.353Z","level":"audit","message":"gateway_request","requestId":"37996166-8369-47d7-9560-10e8271ae826","method":"GET","path":"/api/learning/catalog","status":304,"durationMs":10}
{"timestamp":"2026-07-31T20:39:50.371Z","level":"audit","message":"gateway_request","requestId":"db6d3e0f-be9d-41b0-bddf-7b9ec492fd0d","method":"GET","path":"/api/practice/dashboard/3","status":200,"durationMs":68}
{"timestamp":"2026-07-31T20:39:50.381Z","level":"audit","message":"gateway_request","requestId":"d134a600-0f26-4650-bedf-579230ba91ad","method":"GET","path":"/api/practice/dashboard/3","status":304,"durationMs":9}
{"timestamp":"2026-07-31T20:39:56.839Z","level":"audit","message":"gateway_request","requestId":"7ad58404-21be-4cb0-b07a-ce8caaa35cc4","method":"GET","path":"/api/learning/lessons/suma-numeros-naturales","status":200,"durationMs":31}
{"timestamp":"2026-07-31T20:39:56.849Z","level":"audit","message":"gateway_request","requestId":"028adc6c-35b2-47c1-8aa5-dc1926bb8575","method":"GET","path":"/api/learning/lessons/suma-numeros-naturales","status":304,"durationMs":8}
{"timestamp":"2026-07-31T20:40:00.953Z","level":"audit","message":"gateway_request","requestId":"6881c346-3899-4127-9564-986af6406e42","method":"GET","path":"/api/practice/exercises/11","status":200,"durationMs":18}
{"timestamp":"2026-07-31T20:40:03.305Z","level":"audit","message":"gateway_request","requestId":"20f67baa-5f65-461a-b492-41ebc3941407","method":"POST","path":"/api/practice/attempts","status":201,"durationMs":52}
{"timestamp":"2026-07-31T20:40:03.326Z","level":"audit","message":"gateway_request","requestId":"8a4f4eae-6f59-48dd-9dc7-90c756704e82","method":"PUT","path":"/api/practice/progress","status":200,"durationMs":17}
{"timestamp":"2026-07-31T20:40:03.347Z","level":"audit","message":"gateway_request","requestId":"b86164d1-7cd3-48cd-8fca-4666b8e71904","method":"GET","path":"/api/practice/dashboard/3","status":200,"durationMs":18}
{"timestamp":"2026-07-31T20:43:43.939Z","level":"audit","message":"gateway_request","requestId":"7db94ff1-bdc3-4d02-bc41-8f6f80fb48c9","method":"GET","path":"/api/learning/resources","status":304,"durationMs":9}
{"timestamp":"2026-07-31T20:43:43.958Z","level":"audit","message":"gateway_request","requestId":"6983ad0c-079f-455e-afa1-1e68c0dc62a9","method":"GET","path":"/api/learning/data/aprendizaje_medios?limit=200&orderDirection=DESC","status":304,"durationMs":27}
{"timestamp":"2026-07-31T20:43:43.981Z","level":"audit","message":"gateway_request","requestId":"b4667207-11b0-47fe-9fbd-111448fe66a3","method":"GET","path":"/services/health","status":200,"durationMs":49}
{"timestamp":"2026-07-31T20:49:39.238Z","level":"audit","message":"gateway_request","requestId":"70a5792d-d464-4c26-b6cd-699ffe770282","method":"POST","path":"/api/identity/auth/login","status":200,"durationMs":313}
{"timestamp":"2026-07-31T20:49:39.497Z","level":"audit","message":"gateway_request","requestId":"3963f310-1fb7-4247-807a-80eeda396600","method":"POST","path":"/api/identity/auth/login","status":200,"durationMs":250}
{"timestamp":"2026-07-31T20:49:39.541Z","level":"audit","message":"gateway_request","requestId":"1df931a0-ebb0-485b-bf0d-cf2bfeeec9a7","method":"GET","path":"/api/ai/models/status","status":200,"durationMs":43}
{"timestamp":"2026-07-31T20:49:39.566Z","level":"audit","message":"gateway_request","requestId":"6b7dc3e6-4099-4de6-9db4-1db327babcde","method":"POST","path":"/api/ai/generate-exercises","status":201,"durationMs":23}
{"timestamp":"2026-07-31T20:49:39.580Z","level":"audit","message":"gateway_request","requestId":"25c1ea53-e42b-4d56-8977-c7bc0b1879ee","method":"POST","path":"/api/ai/generate-exercises","status":201,"durationMs":13}
{"timestamp":"2026-07-31T20:49:39.605Z","level":"audit","message":"gateway_request","requestId":"10237db9-30cd-45c4-9b60-6a5dad178da2","method":"POST","path":"/api/ai/tutor","status":200,"durationMs":23}
{"timestamp":"2026-07-31T20:49:39.614Z","level":"audit","message":"gateway_request","requestId":"2a0cbc58-3a52-4b3e-baec-059dac0a8ea6","method":"DELETE","path":"/api/ai/data/ia_generaciones/3","status":200,"durationMs":7}
{"timestamp":"2026-07-31T20:49:39.620Z","level":"audit","message":"gateway_request","requestId":"3d6f60b9-e079-4577-a7c9-cbbddde3a455","method":"DELETE","path":"/api/ai/data/ia_generaciones/4","status":200,"durationMs":5}
{"timestamp":"2026-07-31T20:49:39.627Z","level":"audit","message":"gateway_request","requestId":"1f84a7b5-f113-42b7-8d0f-036f2246d117","method":"GET","path":"/api/ai/data/ia_mensajes?limit=100","status":200,"durationMs":5}
{"timestamp":"2026-07-31T20:49:39.633Z","level":"audit","message":"gateway_request","requestId":"a33acfcc-9d4c-461b-8439-bc05db9195b7","method":"DELETE","path":"/api/ai/data/ia_mensajes/5","status":200,"durationMs":3}
{"timestamp":"2026-07-31T20:49:39.639Z","level":"audit","message":"gateway_request","requestId":"210a4150-2e48-4511-9269-97d9e9b2b15a","method":"DELETE","path":"/api/ai/data/ia_mensajes/6","status":200,"durationMs":4}
{"timestamp":"2026-07-31T20:49:39.646Z","level":"audit","message":"gateway_request","requestId":"004a8bde-ae96-4c41-ad3b-f3bb6923ec59","method":"DELETE","path":"/api/ai/data/ia_conversaciones/d4894d8f-669b-4dba-be5e-1ba822d11297","status":200,"durationMs":6}
{"timestamp":"2026-07-31T20:57:21.304Z","level":"audit","message":"gateway_request","requestId":"3c7fbb15-b99b-497b-b095-57d39696c2c9","method":"POST","path":"/api/identity/auth/login","status":200,"durationMs":297}
{"timestamp":"2026-07-31T20:57:36.753Z","level":"audit","message":"gateway_request","requestId":"7d8c9170-36f2-43ad-b863-a90173fba684","method":"POST","path":"/api/identity/auth/login","status":200,"durationMs":259}
{"timestamp":"2026-07-31T20:57:36.822Z","level":"audit","message":"gateway_request","requestId":"af938ba8-3c9e-40d6-8819-b8f740e3a396","method":"GET","path":"/api/learning/uploads/cabsa-suma-numeros-naturales.pptx","status":200,"durationMs":42}
{"timestamp":"2026-07-31T20:57:36.888Z","level":"audit","message":"gateway_request","requestId":"5e316589-2b4c-4ef5-8270-38df75e3bf00","method":"GET","path":"/api/learning/uploads/cabsa-ecuaciones-lineales.pptx","status":200,"durationMs":5}
{"timestamp":"2026-07-31T20:57:36.988Z","level":"audit","message":"gateway_request","requestId":"b88c7857-6ed2-4525-b6c5-82d8fb1d0efe","method":"GET","path":"/api/ai/models/status","status":200,"durationMs":53}
{"timestamp":"2026-07-31T21:00:22.070Z","level":"audit","message":"gateway_request","requestId":"e684226b-375d-4ef2-a08a-a478b66b1bdb","method":"POST","path":"/api/identity/auth/login","status":200,"durationMs":262}
{"timestamp":"2026-07-31T21:00:22.136Z","level":"audit","message":"gateway_request","requestId":"28675a8d-3988-4697-9d98-4a11c2017ef7","method":"GET","path":"/api/learning/lessons","status":200,"durationMs":26}
{"timestamp":"2026-07-31T21:00:36.240Z","level":"audit","message":"gateway_request","requestId":"cd30332b-1da4-4124-afaa-1d7e2c2f91a4","method":"POST","path":"/api/identity/auth/login","status":200,"durationMs":255}
{"timestamp":"2026-07-31T21:00:36.288Z","level":"audit","message":"gateway_request","requestId":"ef61bb83-be9c-43d6-8eaa-c69a44295d7d","method":"GET","path":"/api/learning/lessons/suma-numeros-naturales","status":200,"durationMs":21}
{"timestamp":"2026-07-31T21:00:36.327Z","level":"audit","message":"gateway_request","requestId":"fac24fcf-365e-4e15-92a3-d815b9cdcaf0","method":"GET","path":"/api/learning/lessons/ecuaciones-lineales-s1","status":200,"durationMs":11}
{"timestamp":"2026-07-31T21:09:39.435Z","level":"audit","message":"gateway_request","requestId":"0e3b20bd-27c8-4178-b11d-d5b68c657716","method":"GET","path":"/api/learning/uploads/pres_84_1783461456_presentacion_colorida_suma_numeros_naturales_primaria.pptx","status":404,"durationMs":35}
{"timestamp":"2026-07-31T21:09:39.504Z","level":"audit","message":"gateway_request","requestId":"554c6767-07db-4970-98a0-8153da8b5dd5","method":"GET","path":"/api/learning/uploads/pres_84_1783461456_presentacion_colorida_suma_numeros_naturales_primaria.pptx","status":404,"durationMs":62}
{"timestamp":"2026-07-31T21:09:39.567Z","level":"audit","message":"gateway_request","requestId":"503aef82-1cd1-4bac-9ba5-ce4eeda3ab51","method":"GET","path":"/api/learning/catalog","status":304,"durationMs":141}
{"timestamp":"2026-07-31T21:09:39.581Z","level":"audit","message":"gateway_request","requestId":"4eeaf6fe-b410-42cb-906f-4da05dad36f9","method":"GET","path":"/api/learning/lessons/suma-numeros-naturales","status":200,"durationMs":161}
{"timestamp":"2026-07-31T21:09:39.599Z","level":"audit","message":"gateway_request","requestId":"dcdd2f11-2998-40bf-8b98-e9fd4fc42e04","method":"GET","path":"/api/learning/catalog","status":304,"durationMs":27}
{"timestamp":"2026-07-31T21:09:39.615Z","level":"audit","message":"gateway_request","requestId":"6d570ecb-b74a-4732-8f56-1ccff60eb1f8","method":"GET","path":"/api/learning/lessons/suma-numeros-naturales","status":304,"durationMs":32}
{"timestamp":"2026-07-31T21:09:39.631Z","level":"audit","message":"gateway_request","requestId":"319b47be-d2f3-4e6c-821d-a077aa87505e","method":"GET","path":"/api/learning/catalog","status":304,"durationMs":31}
{"timestamp":"2026-07-31T21:09:39.669Z","level":"audit","message":"gateway_request","requestId":"97f9dcb3-b716-4844-96f9-2eeeb385221c","method":"GET","path":"/api/learning/lessons/suma-numeros-naturales","status":304,"durationMs":51}
{"timestamp":"2026-07-31T21:09:39.675Z","level":"audit","message":"gateway_request","requestId":"71d7d506-bc01-4121-a1d1-95d78c3f73a3","method":"GET","path":"/api/learning/uploads/cabsa-suma-numeros-naturales.pptx","status":200,"durationMs":48}
{"timestamp":"2026-07-31T21:09:39.683Z","level":"audit","message":"gateway_request","requestId":"181c1897-84ca-4553-80cf-3ac7ff51e78f","method":"GET","path":"/api/learning/uploads/cabsa-suma-numeros-naturales.pptx","status":304,"durationMs":5}
{"timestamp":"2026-07-31T21:09:39.759Z","level":"audit","message":"gateway_request","requestId":"9f394c39-6c26-4816-ad47-e3e3f7de1f25","method":"GET","path":"/api/practice/dashboard/3","status":304,"durationMs":327}
{"timestamp":"2026-07-31T21:09:39.810Z","level":"audit","message":"gateway_request","requestId":"f96c1fa0-f203-48a7-bca6-9749636bb232","method":"GET","path":"/api/practice/dashboard/3","status":304,"durationMs":48}
{"timestamp":"2026-07-31T21:09:39.833Z","level":"audit","message":"gateway_request","requestId":"60102b85-880b-429e-95b7-0831892ae867","method":"GET","path":"/api/practice/dashboard/3","status":304,"durationMs":19}
{"timestamp":"2026-07-31T21:09:49.105Z","level":"audit","message":"gateway_request","requestId":"f7cf8dfc-60a9-411f-97c5-da9e96f915b1","method":"GET","path":"/api/learning/uploads/cabsa-suma-numeros-naturales.pptx","status":304,"durationMs":7}
{"timestamp":"2026-07-31T21:09:49.114Z","level":"audit","message":"gateway_request","requestId":"6def3404-55f1-44df-827b-50c90a0ab5ad","method":"GET","path":"/api/learning/uploads/cabsa-suma-numeros-naturales.pptx","status":304,"durationMs":4}
{"timestamp":"2026-07-31T21:09:55.167Z","level":"audit","message":"gateway_request","requestId":"f38c0563-347e-4409-9939-a3b8b23c1749","method":"GET","path":"/api/practice/dashboard/3","status":304,"durationMs":30}
{"timestamp":"2026-07-31T21:09:55.176Z","level":"audit","message":"gateway_request","requestId":"8621fb9c-4bd7-459c-8628-0bd336bf4c46","method":"GET","path":"/api/learning/catalog","status":304,"durationMs":42}
{"timestamp":"2026-07-31T21:09:55.180Z","level":"audit","message":"gateway_request","requestId":"2e4319d0-5206-44a1-a362-17c58dbc3e95","method":"GET","path":"/api/practice/dashboard/3","status":304,"durationMs":11}
{"timestamp":"2026-07-31T21:09:55.183Z","level":"audit","message":"gateway_request","requestId":"be0db140-55b4-4c1e-b593-73aec64c28ea","method":"GET","path":"/api/learning/lessons/suma-numeros-naturales","status":304,"durationMs":52}
{"timestamp":"2026-07-31T21:09:55.188Z","level":"audit","message":"gateway_request","requestId":"45f0ffdb-23cc-43eb-93e2-30002399434e","method":"GET","path":"/api/learning/catalog","status":304,"durationMs":11}
{"timestamp":"2026-07-31T21:09:55.197Z","level":"audit","message":"gateway_request","requestId":"5f5e3e54-720a-4142-8410-f6670046492a","method":"GET","path":"/api/learning/lessons/suma-numeros-naturales","status":304,"durationMs":12}
{"timestamp":"2026-07-31T21:09:55.219Z","level":"audit","message":"gateway_request","requestId":"08cd0cff-0a40-4fe9-b4d7-b1ee249e4450","method":"GET","path":"/api/learning/uploads/cabsa-suma-numeros-naturales.pptx","status":304,"durationMs":3}
{"timestamp":"2026-07-31T21:09:55.226Z","level":"audit","message":"gateway_request","requestId":"d99e239d-620a-4daf-8698-a07fd052a8e0","method":"GET","path":"/api/learning/uploads/cabsa-suma-numeros-naturales.pptx","status":304,"durationMs":5}
{"timestamp":"2026-07-31T21:09:57.913Z","level":"audit","message":"gateway_request","requestId":"93962524-ce20-4da6-83ac-b72de308f98c","method":"POST","path":"/api/ai/generate-exercises","status":201,"durationMs":55}
{"timestamp":"2026-07-31T21:10:00.043Z","level":"audit","message":"gateway_request","requestId":"8125ca4d-403b-4f05-92b8-9d8856424c82","method":"POST","path":"/api/practice/attempts","status":201,"durationMs":13}
{"timestamp":"2026-07-31T21:10:10.058Z","level":"audit","message":"gateway_request","requestId":"e5d479e6-fb34-4c42-a3d1-a7c58bf40f14","method":"GET","path":"/api/practice/games/balanza-ecuaciones","status":200,"durationMs":15}
{"timestamp":"2026-07-31T21:10:10.065Z","level":"audit","message":"gateway_request","requestId":"3e292ea7-4ed3-4f26-afae-e198e645a9c0","method":"GET","path":"/api/learning/practice-topics","status":200,"durationMs":20}
{"timestamp":"2026-07-31T21:10:10.068Z","level":"audit","message":"gateway_request","requestId":"a99d92c5-42b0-4e36-9f94-c4f7e6972e58","method":"GET","path":"/api/practice/games/balanza-ecuaciones","status":304,"durationMs":7}
{"timestamp":"2026-07-31T21:10:10.079Z","level":"audit","message":"gateway_request","requestId":"2760d619-39b5-4b20-a675-0ac0f902d8b8","method":"GET","path":"/api/learning/practice-topics","status":304,"durationMs":8}
{"timestamp":"2026-07-31T21:18:19.117Z","level":"audit","message":"gateway_request","requestId":"229766e9-ece5-4372-bcb4-b755033bc963","method":"GET","path":"/api/practice/games/balanza-ecuaciones","status":304,"durationMs":152}
{"timestamp":"2026-07-31T21:18:19.127Z","level":"audit","message":"gateway_request","requestId":"fd40eb42-ac73-4ee6-b0ca-c69ffe964ee4","method":"GET","path":"/api/learning/catalog","status":304,"durationMs":153}
{"timestamp":"2026-07-31T21:18:19.130Z","level":"audit","message":"gateway_request","requestId":"55f200d2-ed87-486b-a8c1-6108b545cee4","method":"GET","path":"/api/practice/dashboard/3","status":200,"durationMs":157}
{"timestamp":"2026-07-31T21:18:19.134Z","level":"audit","message":"gateway_request","requestId":"d0d258fe-239b-43e1-9c9f-9f36c0b3a5ab","method":"GET","path":"/api/learning/practice-topics","status":304,"durationMs":163}
{"timestamp":"2026-07-31T21:30:46.194Z","level":"audit","message":"gateway_request","requestId":"2fa82494-3a94-498c-b346-91278bead33a","method":"POST","path":"/api/identity/auth/login","status":200,"durationMs":310}
{"timestamp":"2026-07-31T21:30:46.266Z","level":"audit","message":"gateway_request","requestId":"454b65b8-44f5-415b-9f01-61b4946018e5","method":"PATCH","path":"/api/practice/data/practica_juegos/1","status":400,"durationMs":33}
{"timestamp":"2026-07-31T21:30:46.301Z","level":"audit","message":"gateway_request","requestId":"00ba544d-0002-4a44-8c69-427cc2b89f14","method":"GET","path":"/api/practice/games/balanza-ecuaciones","status":200,"durationMs":10}
{"timestamp":"2026-07-31T21:51:12.624Z","level":"audit","message":"gateway_request","requestId":"27774f51-f786-410a-866f-4061647de471","method":"GET","path":"/api/practice/games/balanza-ecuaciones","status":304,"durationMs":83}
{"timestamp":"2026-07-31T21:51:12.639Z","level":"audit","message":"gateway_request","requestId":"20dd1887-0efb-413c-87af-027e652d9802","method":"GET","path":"/api/practice/dashboard/3","status":304,"durationMs":84}
{"timestamp":"2026-07-31T21:51:12.651Z","level":"audit","message":"gateway_request","requestId":"4e675a45-bb91-451b-b4ce-c6feeba7ee15","method":"GET","path":"/api/practice/games/balanza-ecuaciones","status":304,"durationMs":22}
{"timestamp":"2026-07-31T21:51:12.657Z","level":"audit","message":"gateway_request","requestId":"a8272e95-e13e-4ef5-90ae-edea50fa21dd","method":"GET","path":"/api/practice/dashboard/3","status":304,"durationMs":15}
{"timestamp":"2026-07-31T21:51:12.737Z","level":"audit","message":"gateway_request","requestId":"415d1fa3-f840-4d58-b50b-138c3d7432f0","method":"GET","path":"/api/learning/catalog","status":304,"durationMs":186}
{"timestamp":"2026-07-31T21:51:12.749Z","level":"audit","message":"gateway_request","requestId":"8e221896-837f-4bbf-952e-a80a7e10c9b9","method":"GET","path":"/api/learning/practice-topics","status":304,"durationMs":201}
{"timestamp":"2026-07-31T21:51:12.761Z","level":"audit","message":"gateway_request","requestId":"d7125357-a975-49a2-8b88-71f4646807ab","method":"GET","path":"/api/learning/catalog","status":304,"durationMs":21}
{"timestamp":"2026-07-31T21:51:12.768Z","level":"audit","message":"gateway_request","requestId":"1e2f541b-1363-4aff-ac9c-945313b8bb9a","method":"GET","path":"/api/learning/practice-topics","status":304,"durationMs":16}
{"timestamp":"2026-07-31T21:51:43.965Z","level":"audit","message":"gateway_request","requestId":"ad5c54df-9df2-4f38-964d-ee51a06f086b","method":"POST","path":"/api/ai/generate-exercises","status":201,"durationMs":93}
{"timestamp":"2026-07-31T21:56:31.131Z","level":"audit","message":"gateway_request","requestId":"0f03ebba-32a5-4d94-94a5-e5e236621c90","method":"GET","path":"/api/learning/resources","status":304,"durationMs":135}
{"timestamp":"2026-07-31T21:56:31.149Z","level":"audit","message":"gateway_request","requestId":"a87d172f-8f82-4466-b741-762fea876fe3","method":"GET","path":"/api/learning/resources","status":304,"durationMs":8}
{"timestamp":"2026-07-31T21:56:31.206Z","level":"audit","message":"gateway_request","requestId":"55fb3a9b-cc9f-4feb-a063-5a4ea101729c","method":"GET","path":"/services/health","status":200,"durationMs":178}
{"timestamp":"2026-07-31T21:56:31.285Z","level":"audit","message":"gateway_request","requestId":"d2882273-fb4b-4635-bda5-28e2295d4810","method":"GET","path":"/api/learning/data/aprendizaje_medios?limit=200&orderDirection=DESC","status":200,"durationMs":272}
{"timestamp":"2026-07-31T21:56:31.298Z","level":"audit","message":"gateway_request","requestId":"991d7a6c-e92a-4302-9701-b6b343787973","method":"GET","path":"/api/learning/data/aprendizaje_medios?limit=200&orderDirection=DESC","status":304,"durationMs":9}
{"timestamp":"2026-08-03T16:41:33.070Z","level":"audit","message":"gateway_request","requestId":"bfb29834-b8f0-4d8b-8010-4f8a5e3780af","method":"GET","path":"/","status":404,"durationMs":6}
{"timestamp":"2026-08-03T16:43:12.246Z","level":"audit","message":"gateway_request","requestId":"e911bd8d-4d81-418e-b613-c5d85cf9ddb0","method":"GET","path":"/health","status":200,"durationMs":1}
{"timestamp":"2026-08-03T16:46:05.418Z","level":"audit","message":"gateway_request","requestId":"ebdef009-e211-4f97-b4a5-fd3bf0a51fc2","method":"GET","path":"/api/practice/dashboard/3","status":401,"durationMs":1}
{"timestamp":"2026-08-03T16:46:05.426Z","level":"audit","message":"gateway_request","requestId":"cb2a46d4-a514-46c8-a912-286b8c4d080d","method":"GET","path":"/api/practice/dashboard/3","status":401,"durationMs":2}
{"timestamp":"2026-08-03T16:46:05.530Z","level":"audit","message":"gateway_request","requestId":"8df1b3e5-daa7-4223-a83f-b3072a0ea89b","method":"GET","path":"/api/learning/catalog","status":200,"durationMs":159}
{"timestamp":"2026-08-03T16:46:05.548Z","level":"audit","message":"gateway_request","requestId":"bfef2946-62d8-477e-ba2a-b2d01378c1e2","method":"GET","path":"/api/learning/catalog","status":304,"durationMs":14}
{"timestamp":"2026-08-03T16:48:23.430Z","level":"audit","message":"gateway_request","requestId":"acd13464-79a6-49e0-bf3b-e92319b9ded5","method":"GET","path":"/api/learning/lessons/suma-numeros-naturales","status":200,"durationMs":80}
{"timestamp":"2026-08-03T16:48:23.442Z","level":"audit","message":"gateway_request","requestId":"03fa026c-7360-4fda-8586-166df5216e66","method":"GET","path":"/api/learning/lessons/suma-numeros-naturales","status":304,"durationMs":9}
{"timestamp":"2026-08-03T16:48:23.462Z","level":"audit","message":"gateway_request","requestId":"ecc7e04b-be63-4820-a59d-7c68883b6b55","method":"GET","path":"/api/learning/uploads/cabsa-suma-numeros-naturales.pptx","status":401,"durationMs":1}
{"timestamp":"2026-08-03T16:48:23.464Z","level":"audit","message":"gateway_request","requestId":"abad162e-4f6b-46bd-a451-cf74d51a8ff6","method":"GET","path":"/api/learning/uploads/cabsa-suma-numeros-naturales.pptx","status":401,"durationMs":1}
{"timestamp":"2026-08-03T16:48:29.516Z","level":"audit","message":"gateway_request","requestId":"d3409eae-2364-4771-9283-cf26a257f1b4","method":"GET","path":"/api/practice/dashboard/3","status":401,"durationMs":1}
{"timestamp":"2026-08-03T16:48:29.519Z","level":"audit","message":"gateway_request","requestId":"504f80c2-19c8-4ac0-8375-06c3dea235d0","method":"GET","path":"/api/practice/dashboard/3","status":401,"durationMs":1}
{"timestamp":"2026-08-03T16:48:29.540Z","level":"audit","message":"gateway_request","requestId":"06db6936-1bf6-4f2e-a91a-37fbcc68a047","method":"GET","path":"/api/learning/lessons/suma-numeros-naturales","status":304,"durationMs":34}
{"timestamp":"2026-08-03T16:48:29.552Z","level":"audit","message":"gateway_request","requestId":"66959bbb-2a55-4f00-9968-79e48f365101","method":"GET","path":"/api/learning/catalog","status":304,"durationMs":40}
{"timestamp":"2026-08-03T16:48:29.599Z","level":"audit","message":"gateway_request","requestId":"9ced269e-575d-4e82-be5d-77e643eecd7a","method":"GET","path":"/api/learning/uploads/cabsa-suma-numeros-naturales.pptx","status":401,"durationMs":1}
{"timestamp":"2026-08-03T16:48:29.605Z","level":"audit","message":"gateway_request","requestId":"24527e9e-5f9e-4216-ba3a-44130f4b26cd","method":"GET","path":"/api/learning/catalog","status":304,"durationMs":51}
{"timestamp":"2026-08-03T16:48:29.611Z","level":"audit","message":"gateway_request","requestId":"0ab688aa-34b2-47f4-a105-c598716d86fa","method":"GET","path":"/api/learning/uploads/cabsa-suma-numeros-naturales.pptx","status":401,"durationMs":1}
{"timestamp":"2026-08-03T16:48:29.619Z","level":"audit","message":"gateway_request","requestId":"890dd7f5-452b-45a2-9f10-64cbc73771fe","method":"GET","path":"/api/learning/lessons/suma-numeros-naturales","status":304,"durationMs":76}
{"timestamp":"2026-08-03T16:53:53.096Z","level":"audit","message":"gateway_request","requestId":"579244ff-0290-448f-bc9f-f0a2ea4643bf","method":"GET","path":"/api/learning/uploads/cabsa-ecuaciones-lineales.pptx","status":401,"durationMs":1}
{"timestamp":"2026-08-03T16:53:53.126Z","level":"audit","message":"gateway_request","requestId":"977fa48e-3d02-4d0f-b504-a44e5550203b","method":"GET","path":"/api/learning/uploads/cabsa-suma-numeros-naturales.pptx","status":401,"durationMs":1}
{"timestamp":"2026-08-03T16:54:15.909Z","level":"audit","message":"gateway_request","requestId":"850d0f31-1502-4656-bb52-1d0ad42f6b1c","method":"POST","path":"/api/identity/auth/login","status":200,"durationMs":386}
{"timestamp":"2026-08-03T16:54:15.985Z","level":"audit","message":"gateway_request","requestId":"6d8deb34-8262-43db-802c-e3d20726ee07","method":"GET","path":"/api/learning/uploads/cabsa-ecuaciones-lineales.pptx","status":200,"durationMs":22,"subject":"3"}
{"timestamp":"2026-08-03T16:54:16.065Z","level":"audit","message":"gateway_request","requestId":"f54207c3-40f6-470f-b13a-349bfa1f60ba","method":"GET","path":"/api/learning/uploads/cabsa-suma-numeros-naturales.pptx","status":200,"durationMs":8,"subject":"3"}
{"timestamp":"2026-08-03T16:55:10.030Z","level":"audit","message":"gateway_request","requestId":"3bb9250b-fc35-45a0-a3b7-0bc331664c23","method":"POST","path":"/api/identity/auth/login","status":200,"durationMs":322}
{"timestamp":"2026-08-03T16:55:10.083Z","level":"audit","message":"gateway_request","requestId":"5047b709-9083-4edf-8ec7-6e9a04b42077","method":"GET","path":"/api/learning/resources","status":200,"durationMs":6,"subject":"1"}
{"timestamp":"2026-08-03T16:55:10.217Z","level":"audit","message":"gateway_request","requestId":"578c4aed-6b8a-47f3-81aa-8f59cf462afe","method":"GET","path":"/api/practice/resources","status":200,"durationMs":105,"subject":"1"}
{"timestamp":"2026-08-03T16:55:10.303Z","level":"audit","message":"gateway_request","requestId":"898ec36c-7b18-48b2-85e7-522aee5270e2","method":"GET","path":"/api/ai/resources","status":200,"durationMs":81,"subject":"1"}
{"timestamp":"2026-08-03T16:55:10.314Z","level":"audit","message":"gateway_request","requestId":"1819a299-47c3-4422-bfd9-6168f03b9c4a","method":"GET","path":"/api/identity/resources","status":200,"durationMs":7,"subject":"1"}
{"timestamp":"2026-08-03T16:57:06.133Z","level":"audit","message":"gateway_request","requestId":"196462b4-b228-4c25-92c4-1cb0f756b594","method":"GET","path":"/api/practice/dashboard/3","status":401,"durationMs":2}
{"timestamp":"2026-08-03T16:57:06.276Z","level":"audit","message":"gateway_request","requestId":"ab9209a1-0389-4dce-bcac-0b2af5ebaf70","method":"GET","path":"/api/learning/catalog","status":304,"durationMs":138}
{"timestamp":"2026-08-03T16:57:06.306Z","level":"audit","message":"gateway_request","requestId":"d409a2a9-98c9-42c2-bd22-0ce5a6051b77","method":"GET","path":"/api/learning/lessons/suma-numeros-naturales","status":304,"durationMs":180}
{"timestamp":"2026-08-03T17:03:47.108Z","level":"audit","message":"gateway_request","requestId":"8ef59855-b478-4824-88b5-3932c670e990","method":"POST","path":"/api/identity/auth/login","status":200,"durationMs":471}
{"timestamp":"2026-08-03T17:03:47.387Z","level":"audit","message":"gateway_request","requestId":"770a7233-2a8c-4ebc-8f2d-40006795a548","method":"POST","path":"/api/learning/data/aprendizaje_categorias","status":201,"durationMs":172,"subject":"1"}
{"timestamp":"2026-08-03T17:03:47.443Z","level":"audit","message":"gateway_request","requestId":"25c4bef1-1d8e-43c8-92e3-035c3a489fe9","method":"PATCH","path":"/api/learning/data/aprendizaje_categorias/7","status":200,"durationMs":35,"subject":"1"}
{"timestamp":"2026-08-03T17:03:47.651Z","level":"audit","message":"gateway_request","requestId":"c66d2b93-4f8e-4cc3-82e1-f422c78c8316","method":"POST","path":"/api/practice/data/practica_ejercicios","status":201,"durationMs":200,"subject":"1"}
{"timestamp":"2026-08-03T17:03:47.701Z","level":"audit","message":"gateway_request","requestId":"835bf9cd-cd49-4556-b341-45d4c24ff4ed","method":"PATCH","path":"/api/practice/data/practica_ejercicios/21","status":200,"durationMs":43,"subject":"1"}
{"timestamp":"2026-08-03T17:03:47.721Z","level":"audit","message":"gateway_request","requestId":"994d472d-a900-48f6-8b7b-a455ae3bdc8e","method":"POST","path":"/api/learning/data/aprendizaje_medios_leccion","status":201,"durationMs":14,"subject":"1"}
{"timestamp":"2026-08-03T17:03:48.032Z","level":"audit","message":"gateway_request","requestId":"ad7e7b91-c62c-427d-993f-d174e87f2841","method":"POST","path":"/api/ai/data/ia_conversaciones","status":201,"durationMs":298,"subject":"1"}
{"timestamp":"2026-08-03T17:03:48.081Z","level":"audit","message":"gateway_request","requestId":"f91804b2-5b13-4d2e-8a99-246cedab8359","method":"POST","path":"/api/ai/data/ia_mensajes","status":201,"durationMs":45,"subject":"1"}
{"timestamp":"2026-08-03T17:03:48.115Z","level":"audit","message":"gateway_request","requestId":"75b018fe-3c0b-4fa0-9cbd-1e03c2717076","method":"PATCH","path":"/api/ai/data/ia_conversaciones/1ab2d39d-6e7d-4687-8c83-b31521825b38","status":200,"durationMs":32,"subject":"1"}
{"timestamp":"2026-08-03T17:03:48.147Z","level":"audit","message":"gateway_request","requestId":"fc34652f-c692-412e-8dee-c1307b242f63","method":"DELETE","path":"/api/ai/data/ia_mensajes/7","status":200,"durationMs":18,"subject":"1"}
{"timestamp":"2026-08-03T17:03:48.177Z","level":"audit","message":"gateway_request","requestId":"93bd08fd-0e31-4fbd-bb85-839d2dfc16ea","method":"DELETE","path":"/api/ai/data/ia_conversaciones/1ab2d39d-6e7d-4687-8c83-b31521825b38","status":200,"durationMs":20,"subject":"1"}
{"timestamp":"2026-08-03T17:03:48.217Z","level":"audit","message":"gateway_request","requestId":"fb5123d5-abf0-4c8a-aaaa-d6e24de91462","method":"DELETE","path":"/api/learning/data/aprendizaje_medios_leccion","status":200,"durationMs":33,"subject":"1"}
{"timestamp":"2026-08-03T17:03:48.241Z","level":"audit","message":"gateway_request","requestId":"f24446a1-26cc-4d1b-b351-b9c561505a1c","method":"DELETE","path":"/api/practice/data/practica_ejercicios/21","status":200,"durationMs":20,"subject":"1"}
{"timestamp":"2026-08-03T17:03:48.256Z","level":"audit","message":"gateway_request","requestId":"497afbb6-e6ef-4e72-9753-892a4fcc2094","method":"DELETE","path":"/api/learning/data/aprendizaje_categorias/7","status":200,"durationMs":14,"subject":"1"}
{"timestamp":"2026-08-03T17:07:47.436Z","level":"audit","message":"gateway_request","requestId":"653e30cb-7b82-4abe-8294-3772c1534bb3","method":"POST","path":"/api/identity/auth/login","status":200,"durationMs":346}
{"timestamp":"2026-08-03T17:07:47.771Z","level":"audit","message":"gateway_request","requestId":"b22bdd64-07f2-4ebf-92b6-3e5b04a46342","method":"POST","path":"/api/identity/auth/register","status":201,"durationMs":312}
{"timestamp":"2026-08-03T17:07:48.069Z","level":"audit","message":"gateway_request","requestId":"7ef84fa6-6bdd-44bf-841d-96cbfb21c1f3","method":"PATCH","path":"/api/identity/users/7/password","status":200,"durationMs":292,"subject":"1"}
{"timestamp":"2026-08-03T17:07:48.354Z","level":"audit","message":"gateway_request","requestId":"fc33b5bd-a957-4f8b-983c-c577d6879c78","method":"POST","path":"/api/identity/auth/login","status":200,"durationMs":282}
{"timestamp":"2026-08-03T17:07:48.373Z","level":"audit","message":"gateway_request","requestId":"13439648-3463-48e0-a46f-d70992134f89","method":"DELETE","path":"/api/identity/data/identidad_usuarios/7","status":200,"durationMs":11,"subject":"1"}
{"timestamp":"2026-08-03T17:08:29.718Z","level":"audit","message":"gateway_request","requestId":"a700db38-489d-4d27-bdb3-44aaad65867f","method":"GET","path":"/health","status":200,"durationMs":10}
{"timestamp":"2026-08-03T22:09:22.839Z","level":"audit","message":"gateway_request","requestId":"5b2e841e-aa68-4f64-aca9-2abcf7a07e2e","method":"GET","path":"/api/practice/dashboard/3","status":401,"durationMs":22}
{"timestamp":"2026-08-03T22:09:22.865Z","level":"audit","message":"gateway_request","requestId":"b3849130-9897-4788-8c0c-56df963c0baf","method":"GET","path":"/api/learning/uploads/cabsa-suma-numeros-naturales.pptx","status":401,"durationMs":1}
{"timestamp":"2026-08-03T22:09:22.871Z","level":"audit","message":"gateway_request","requestId":"8ef4ce3b-9cba-40fc-a046-cc56d17322cc","method":"GET","path":"/api/practice/dashboard/3","status":401,"durationMs":1}
{"timestamp":"2026-08-03T22:09:22.875Z","level":"audit","message":"gateway_request","requestId":"9ddc1d9c-2260-4edc-9ac9-a997466fc42a","method":"GET","path":"/api/learning/uploads/cabsa-suma-numeros-naturales.pptx","status":401,"durationMs":1}
{"timestamp":"2026-08-04T16:52:13.413Z","level":"audit","message":"gateway_request","requestId":"907b05af-f5e0-4116-bf09-87b415edd56a","method":"GET","path":"/api/practice/dashboard/3","status":401,"durationMs":31}
{"timestamp":"2026-08-04T16:52:13.478Z","level":"audit","message":"gateway_request","requestId":"ec12b55b-0531-4f05-85d6-e36ee377aa9c","method":"GET","path":"/api/practice/dashboard/3","status":401,"durationMs":7}
{"timestamp":"2026-08-04T16:52:13.507Z","level":"audit","message":"gateway_request","requestId":"ad1a66ec-5ee9-4bf2-8296-f7d39bc4ebf8","method":"GET","path":"/api/learning/uploads/cabsa-suma-numeros-naturales.pptx","status":401,"durationMs":12}
{"timestamp":"2026-08-04T16:52:13.528Z","level":"audit","message":"gateway_request","requestId":"6c7d4313-a420-4cb7-89cf-2605f9f2be3f","method":"GET","path":"/api/learning/uploads/cabsa-suma-numeros-naturales.pptx","status":401,"durationMs":13}
